tweet,hate
 @E: ูุง ุฑุจ ูุง ูุงุญุฏ ูุง ุฃุญุฏ ุจุญู ููู ุงูุงุญุฏ ุงู ุชููู ุจูู ุณุนูุฏ ุงููุฌุฑููู. ูุงุฌู ุงุทูุงู ุงูููู ุดุงุฑููุง.,1
@E @E @E @E @E ูุง ูุจูุงูู ูุง ูุถูุงุช ุงูุงุณุชุนูุงุฑ ุงููุฑูุณู ุงููุจูุงูููู ุจุงูุฎููุฌ ูุดุบููู ูุณูุงููู ุนุงูุฑุงุช,1
@E ุนููู ูุนูู ุงููู ูุง ูุชูู ุงููุชูู ุงุดุฏ ูู ุงููุชู ุงูุช ูุญุฑุถ ูู ุงูููุน ุงูุงุฎูุงูุฌู ุณููุงู ุงูุญุฒู ุณููุงู ุงูุงูุณุงููู ุณููุงู ูู ุฏูุฑ ูู ูุง ุงุฎูุงูุฌู ูุง ุดูุนู ูุง ุงุจู ููุฒู ุนุงุด ุณููุงู ุงูุญุฒู ุนุงุด ุนุงุด ููู ุงูุนุฑุจ ,1
"@E @E ุฃููุง ูุง ุฅุจู ุงูุดุฑููุทุฉ ุงูุณุนูุฏูุฉ , ููุด ุชุชููู ูุตุฑู , ูููู ุฃูู ูุงููุง ุญุงุฑุณ ุงูุนูุงุฑุฉ ุงููุตุฑู ุฌูุจูู ูุณูููุฉ ูุจุณ ุฏุงุนุณ ุนูู ูุฌูููู ูุง ููุงุจ ูุง ุจุฏู ูุง ูุนูููู ุชุจู ูููุณ ุนูู ุชุฃูููู ูู ุนุฑู ุทูุฒูุง ููููููู, ูุงููู ูุฃุฌูู ูุง ุฅุจู ุงูุดุฑููุทุฉ ุงูุจุฏููุฉ ูุฃูููู ู ุฅุญุดู ูุณ",1
@E ุดููู ูุฑุญุงู ูุง ุนุจุฏุงูุฑุญูู ูุง ุงุฎู ุงูุช ูููุฏู ู ูุง ุงูุด ููุชู ูุณุชุญูู ุชููู ูุณูู,1
 @E: @E ูู ูุงุฒุงู ููุฌุฏ ูุฏูููู ุจุนุฏ ูุชููู ููู ูุชุฏููุฑ ุจููุชูู ูุง ูุชูุฉ ูุง ุนููุงุก ูุง ูุฃุฌูุฑูู ูุง ุนุจูุฏ ุงูุงูุงุฑุงุช ููุตุฑ ูุงูุณโฆ,1
@E ุงูุญูู ุชูุชุจ ูู ูุง ุชุตูุฑ ุนูุตุฑู ูุชูุชุจ ููุง ุฎุฏู ุญูุงุฑ ุงูุช ุญูุงุฑ ูุซู ูุฑููู ุชุนุจุช ุงุฑุจูู ูุงุฑุจู ุงุดูุงูู ูุง ุตุบูุฑ ุงูุฑูุงุถู ุงุดุดุด ุจุณ ุงูุญูุด ูุงููู ุงูุช ูุฑุจุนู ูุฎู ุงูููุตุงุช ูุงูุจุทููุงุช ูุนูุงูู . ุจููู ูุจุฑ ูุฌูู ูุง ุฑุฎูุต ูุง ุงุฏุนุงุฆู ูุณูู ุถุงุบุท ููู ูุดุฎูุท ูู ุชููุชุฑ ููู ุงุฑุถู ,1
ุงููู ููุนููู ูุง ุนุจูุฏ ูุง ุจูุงูุง ุญุฌุงุฌ ุฑูุญ ุฎุฐูู ููุฒุฉ ูุง ูุฑุฏ โ๐ฟโ๐ฟโ๐ฟูุง ุงุณูุฏ ุชูู ุฑูุญู ุงุฑุฌุนู ุจูุงุฏูู ุงูุฃุตูู ูุง ุงูุงุฑูุฉ ุฎุชูู ูุง ุญููุฑ ุจุณ ุงููู ูุงุนุจูู ูุง ุฎุจุฑูู ุชูุจุทูู ูุง ุญููุฑ #ุงูุงุชุญุงุฏุงููุตุฑ,1
ุงูู ุดู ูุง ุนุฑุจู ุงูุช ุงุญูู ุชููุณู ุญุชู ูุตุฏู ุงูู ุชููุณู<>ุซุงููุง ูุงูุดู ูุณุชุญูู ูููู ุตุงุฑ ุนูุฏูู ูุงู ุญุชู ูู ุงูุจูุช ุนูุฏูุง ุฑุฎุตุฉ ููุงุฏุฉ ุณูุงุฑู ุงูุญุงููู ุบูุฑ<>ุซุงูุซุง ุงูุชููุณูุงุช ูููุฏู ุทูุงุฑุงุช ูุง ุฑุงุณ ุงูุจุตู ูุฑุงุณ ุงููุฌู ูุฑุงุณ ุงููู ุงูุชู ูุง ุฌุงูู ูุง ูุชุฎูู ูุง ุนุฑุจู ูุง ูุฑููููููุถ ููุช ูู ุชููุณ ููู ุจูุงุช #ุชููุณ ,1
@E @E ูุง ุฏุญุจุงุดู ูุง ูุงุฑุณู ูุง ุงุจู ุงููุชุนุฉ ูุง ุฐู ุงูุช ูู ูู ุฐูุฑ ูุทุฑู ูุง ุจูุงูุง ุงููุฑุณ ูุงูุงุญุจุงุด ูุงูุงุชุฑุงู ุญุฑุฑ ุบุฑูุฉ ูููู ูู ุนูุงู ุญุณู ูุตุฑ ุงููู ูุจุนุฏูู ุชุนุงู ุชููู ูุน ุงุณูุงุฏู<>ุฏุญุจุงุดู ุญููุฑ ููุชุณูู ูู ุดูุงุฑุน ุงูุฑูุงุถ ูุชุฌู ุชุณุจ ูููู ุงูุญุฒู ุงูุฐู ูุฏูุณ ุนูู ุงุณูุงุฏู ุง,1
ุฎูููู ุงุดูููู ูุง ุนูุงู ุงูููุจ ูุง ูุถูุนูู ูุง ููุฑ ูุงูุฒูู ุจูุฃุณ ุงูููู ูุฑุจู ูุง ููุตู ุจูููุง ุงูุง ุฑุจ ุงูุนุจุงุฏ,1
ููุง ูุง ุฒูุงููููุฉ ูุง ููุงุฏ ุงููุชูุงูุฉ ูุง ุดููุฉ ููุงููุฉ ูู ุทูุงุฒูุง ููุงูู ููููุนุด ูุน ูุณููู ุบูุฑ ููู ุงูุนูู,1
@E ูุงูุช ููู ูุง ุญูุณุงูู ูุง ุงุจู ุฃุตู ูุงุทู ุนุดุงู ุชุฃูุฏ ููุง ุชุฑูุถ,1
@E @E @E ูุนูุช ุงููู ุนููู ูุง ุดุงุฑุจ ุจูู ุงูุจุนูุฑ ูุง ุนุจุฏ ุงูุฑููุง ุุุ ุงุฐูุจ ุงุจุญุซ ุนู ุฃูุฑููู ๐๐๐๐,1
ุงูุดูุท ุงูุซุงูู ูุง ูุงุชู ูุง ููุชูู ูุง ุนูุงู ุงูููุจ ูุง ุฎุฏู,1
@E @E @E @E @E ุชุญุฑูุฑ ููุณุทูู ุงูู ุฑุฌุงูู ุ ูุงูุชูุง ูุง ูุณู ุงูุจูุฌุงู ูุงููููุฏุ ูู ูุณููู ูุฎูุท ูู ุงูุณูุงููู ูุงูุฎุฏู ุ ุขู ุณููู ูููุฏ ูุณุชุนุจุฏูููู ููุฎูุซููู ูุง ุญูุด ูุง ุฒุจุงูุฉ ุงูุงูู ูุง ุนุฑุฉ ุงูุดุนูุจ ุ ูุตูุญู ุงุนูู ูุญุต ุฌููุงุช ูุญุง,1
@E ุตุงุญุจ ุงูุญุณุงุจ ุฐุง ูุทุฑู ุฃุฎููุฌู ุนูู ูุจู ูุณูู ุชุชุด ุจูููุง ูุจูู ุญุจุงุจููุง ุงูุงูุงุฑุงุช ... ุฃููู ุจุนูุฏู ุนูู ุดูุงุฑุจู ูุง ูุทุฑู ูุง ุงุฎููุฌู ูุง ุนูู,1
@E ุงููุฑุฏู ูุง ูุฐู ุงูุนูุตุฑูุฉ ุงูุจุบูุถุฉ ูุง ูุฒูุฑูู ูุง ูุงุฑูู ุฏูู ุงููู ูุง ุนุจูุฏ ุงุชุงุชูุฑู,1
@E @E @E ุงูุช ูุง ุญุงูุธ ุชุงุฑูุฎู ููุง ุชุงุฑูุฎ ุบูุฑู ูุง ููุณุชุนุฑุจ ูุง ุงุจู ุณุชูู ุดู*** ูุทู ููู ุนู ุจูููู ุงูููุน ูุง ุตุฑูุงูู ุดู ูุงุจุฏู ุชููู ๐๐๐,1
@E ุทุจุนุง ูุงุฒู ูููู ุณูุก ูุง ุจุชูุน ูููู ุนูุฑ ู ุฌูุงุฏ ุฌุฑูุดุฉ ู ุนุงุดูุฑ ู ุงููุฑุชุดู ู ุฅุจุฑุงููู ููุฑ ุงูุฏูู ูุง ูุณุฎูู ูุง ุจุชูุน ุงููุงุฑ ุงูุณูุฉ ุงูู ูุงุชุช ุจูุงุฑู ุฌุงุณูุง ูุด ุนุงุฌุจููุง ูุงุจูุฑ ูุงููุฌุฑ ุงุชูู ุนููููุง,1
@E @E ุดุงูู ูุง ุทุงุฆูู ูุง ูุฐุฑ ูู ุตูุญุชู ุนูุงูู ูุทุงุฆููู ููุฑู ููุนุฑุจ ูุชูุฌูุฏ ูุฅูุฑุงู <>ุงูุชู ูุฑุถ ุฎุจูุซ ูุฌุจ ุฅุณุชุฅุตุงูู <>ูู ุงูุฌุณู ุงูุนุฑุจู ูุงูุนุฑุงู ุฑุฃุณ<> ูุฐุง ุงูุฌุณู ูุงูุจุญ ุงูุทุงุฆููู ูุงูุซุฑ<> ูู ุฑูุจูู ููุงูู ุฅูุฑุงู ูุญููุชูู <>ููุฑุชุฒูู ููุงุชููู ููุฏุงูุนูู,1
@E ูุง ููุจ ุงูุตูุงููุฉ ูุง ุนููู ุงููุฑุณ ุฃูุช ุนุจุฏ ูู ุนุจูุฏ ูุนุงู ุงูุญูุงู ุงูุธููุฉ ู ุงููุชูุฉุ ุฃูุช ูุง ุชุณุงูู ุฐุฑุฉ ุฑูู ูู ุดุณุน ูุนุงู ุงูุฑุฌุงู ูุง ุฃูุฐุฑ ุฎูู ุงููู ูุง ููุญ.,1
@E ูุง ุญููุงู ูุง ูุชุฎูู ูุง ููุจ ูุง ุนุฏูู ุงูุดุฎุตูุฉ ูุง ุนููู ุงูุบุฑุจ ุงูุบุฑุจ ูุณูุญู ุตููุจู ููุง ููุฌุฏ ุดูุก ุจูููุง ูุจูููู ุงูุง ูุญุงุฑุจุฉ ุฏูููุง ุงูุบูุฑ ูุญุฑู ูุงููู ุญุฑููุง ุฏูููู ููุฑูุถูู ุฏูููุง ููู ุจุงูุงุณุงุณ ูุณุชุนูุฑูู ููุง ูููู ูุชูุฑุจ ููู ุจุงูุงุนุชูุงุฏ ุนูู ุงููุณูุง ุงู ุจุงูุณุฌูุฏ ููู ูุง ุญู,1
 @E: @E ูุงูุช ููู ูุง ููุนู ูุง ูุนุฑุต ูู ููุฏู ุนุจูุฏ ููุง ูู ุญูุงู ุงูุงููู ุงููุนุฑุตูู ูู ุงูุฏูุฑู ุนูู ุงูุงูู ุงูุฒูุงูู ุงุชุงูู ุจูุฌููุฏู ูููโฆ,1
ุฅุญูุง ูุงุฒู ูุณูุจูู ููุฑุญูุง ุญููู....<>ุจุณ ุฃุญุจ ุงููุฑู ุฃูู ุชุงูุช ุงูุฏูุฑู ุงูุงุณุจุงูู...<>ู ูุฏุงูู ุฅู ุดุงุก ุงููู ุณูุชูู ูู ุงูุฑูููุง ูุชูุถู ุชูุนุจ ูู ุงููููุฏุฑุงููุฉ ุงููู ูู ุทุจุนุงู ุงููู ุจุทููุฉ ุงูุฑูููุฉ... ูุทุจุนุงู ูุจุฑูู ุงูููุฒ ุงูุญูุงู..ูุจุฑูู ูุง ุจูุถุฉ ูุง ุฌุฑุจูุนุฉ ูุง ุญุตุงูุฉ ๐ค๐<>#ุงูุฒูุงููุญุณูููุงุบุงุฏูุฑ,1
"ูุง ููุงูุชุฉ ูุง ูุบูููู!!! ุงุทุฑุฏูุง ุงูููุจ ูุฐุงุ ุฏุงูููุง ูุจุฌูุฑ ู ุงููู ูุดููู ูุตููุฑ ูุฑูุฉ ูุณุฃูู ุดูู ูุงุนุฏ ูุณููุู ููุงูุดู ู ูุทุฑุฏู ุจุณุฑุนุฉุุงููู ูุงุชุจ ูุงูููุงู ูููู ""ูุง ููุฏุฑ ุนููู ุฅูุงู ุงููู""ุ! ุฅูุงู ูู ุฑุฏุงูู!ููููุง ูู ""ุงุฐุง ุดูุชู ุชุญูุณ ุจูู ููุงุชุจูุง ูุฑูุฉ ุซุงููุฉ ุฑุญ ุฃูุณุฑ ุฑุฌูู"" ูุง ูููุชููู ูุง ูุบูููู ๐ก ",1
@E @E @E ุงุณูุช ูุง ุฎุฑูู ุณูุณุงูู ูุง ุตููููู ูุง ุนููุงุก ูุณุฑุงุฆูู,1
@E ุชูุตุฏ ุจูููุชู ุนูุฏูุง ูู ูู ุ! ูุธุงู ุงูุญูุฏูู ูุง ูุฑุชุฒู ุ! ุฎุณุฆุช ูุง ุดุฑุฐูุฉ ูุง ูุดุฑุฏ ู ุฎุงุจ ุงููู,1
@E ูุฃูุชู ุฃุญูุฑ ูู ุนููู ูุชููู ุนูููู ูุญุฏู ูุง ุตูููู ูุง ุฃุฐูุงุจ ููู ุชุนุชุงุดูู ุนูู ุฏู ุดุนุจูุง ุฃูุชู ููุณูุง ุจุนุฑุจ ูุง ุฌุฑุจุงูู ูุนู ุญู ููุง ุจุดุฑู ุงูุนุฑุจ ุชููููุง ูููู ูุง ุฌุงููู ุจูุณุช ุงููุฏ ูู ุงูุจุฑูุชูููู ููู ูุง ุนูุฏูู ููู ููุง ุจุชุนุฑูู ุฃุตูุง ุฌุงููุฉ ููุชุฎููุฉ ุนููุจุง ูุง ุญุฑุงู ุดููู ุดู ,1
@E ูุง ุฏุฑุฒู ูุง ุฏ *ูู*ุซ<>ุจูุชู ูุงุฎุชู ูุฒูุฌุชู ุณุจูู ูููุฌูุณู ูู ุณูุฑูุง ูุณุจูู ูููุทุฑู ูู ูุทุฑ ูุงูุช ูู ุธูุฑ ุด *ู*ุฉ ูููุฏู ๐๐ผ๐,1
@E ุงูู ุญุณูุช ุจูู ุจุณ ฺฏูุช ูุง ููุณูููุง. ูุง ุฎุงุฆู ูุง ุจุนุซู ูุง ุนููู ูุง ุตููู ูุง ูุงุตุจู ูุง.... ุดูุฏุฑููู ุจุนุฏ ุจูููู ุงูุช ุญุท ุชูู ๐๐,1
@E @E ุชุงุฌ ุฑุงุณู ูุฑุฃุณ ูู ููุงูู ุงููุตุฑ ุงูุนุงููู ูุง ุญูุงุฑ ุฌุญุง ูุง ุงูุณูููู ูุง ุทุงููุฉ,1
@E @E ูู ุงูู ูุชููููู ุนูู ุณูู ุงูุงููุฑ ููุฏุงูุนูู ุนู ุงูุฒูุฏู ุงุชุญุฏู ุงู ูุงูู ุณุนูุฏููู ุงูุงุตู ูุง ูุฌูุณูู ูุง ุญูุซููู ูู ุฌูุงุนุฉ ุงูุณูุชูุฑู ุงููู ุงูุฌุฏ ุงูุช ูุงูุงู,1
@E ูู ูุทุฑ ุงูุฅุฑูุงุจูุฉ ุฃุฎุฐูู ุงููู ุฃุฎุฐ ุนุฒูุฒ ููุชุฏุฑ ููุงุจ ููุงุฏ ููุจ ุฎุฑูุงู ุงูุชูุง ูุงููู ููุงู ูุตุฑ ูุงุฎูุงุฒูุฑ ูุง ุดูุงุทูู ุงูุฅูุณ ูุงูุฌู ุฃูุชู ุฌุฒู ูุง ูุทุฑ ูุง ุนุจูุฏ ูุฅุณุฑุงุฆูู ูุชุฑููุง ูุฅูุฑุงู ูููู ูุฎูุซูู ูุซูููู ููู ููู ููุท ุฒู ุชููู ุงูููุจ ุฅุจู ุงูููุจ ุฃุฎุฐูู ุงููู ุฃุฎุฐ ุนุฒูุฒ ู,1
ุทูุจ ุงูุง ูู ู ุงูููุนุจ (ูู ุงูุญุฏุงุดุฑ ูุนูู) ูุณูุนุช ุงูุฌูููุฑ ุจูููู ููุง ูุง ููุงุงุงุง ูุง ุฒูุงููุงุงุงุงุงุงุงุงูู ูุณูุจ ุงูููุนุจ ูุงุชุญุฒู ูุงุฑูุต ๐๐๐,1
ูุณ ุงูู ูุง ุงููุงูู ูุง ุงููู ููุช ูุณุชูููุง ูุทูุน ุฒูู ูุง ุงุจู ุฎูุณุฉ ูุง ููุถูุญ ูุง ูุนุฑุต!!<>ุงุญูุง ุงูุฒูุงูู ูุง ูุณ ุงูู!! ,1
@E ูุง ุงูู ุงูููู ูุง ุงุตุญุงุจ ุงูุชุงุฑูุฎ ูุงูุนุฒุฉ ูุงูุดุฑู ุงูุฐุง ูุฑุถููู ุงู ุชุนุจุซ ุฌูุงุนุงุช ุงูุนุงุฑ ูุงูุฏูุงุฆุฉ ูู ูุณููู ุงููุณูู ุฏููุฉุงูุงูุงุฑุงุช ุจุงุฑุถูู ูุชุชุญูู ุจูุตูุฑูู,1
ุงูุชุฑุจ ุฑูุถุงู<>ูุง ุชุงุฑูู ุงูุตูุงุฉ ูุง ุดุงุฑุจู ุงูุฎูุฑ ูุง ุงูุตุงุฑ ุดุจูุจุฉ ุงููุจุงุฆู ุชูุจู ุงูู ุงููู.ู...,1
@E ูุง ุชุฑูุญุด ุชููู ูู ูุง ููุฏ ุงููุญุจุฉ ูุง ุงููุฑููู ุงูููุด ุงูุฌุฒุงูุฑู ูุจูู ุณูุฏู ุญุชู ููุงุช ุงูุง ุงุจู ุงูุญุฏูุฏ ููุนุฑููู ูููุญ ููููุญ ุชูุงุจูู ูู ูุงูู ุฌุฒุงูุฑู ุงูุช ูู ุจูุฏู ูููุฉ ูุงูุชูุฏุฑ ุชูุทููุง ููุง ุญุชู ุชุชููุณ ุชุฌู ููููุงูุน ุชุญู ุชุฑุงููู,1
@E ูุจุฑูู ูุฌูุงููุฑ ุงูุงุชุญุงุฏ ุงูุนููุฏ ุงููููุฏูุงูู ูู ุงูููุนุจ. ููุฑุฏูู ูุง ููุจุทุญ ูุง ุฌุจุงู ูุตุบูุฑ ุงูุฑูุงุถ. ุงุทูุน ูููุง ุงูุงุชุญุงุฏ ุงุดุฑู ููู.,1
 @E: ูู ุงุณูุก ููุณู ููููุงู ุชุฎุณู ุชุงุฎุฐ ุงูุฏูุฑู ููู ูุง ูุถูุน ุงูุฑูุงุถ ูุง ุงุบุจู ูุงุฏู ุดูุชู ูู ุญูุงุชู,1
ููุซู ุชุญูุฉ ุงููู ูุงูุนูุงุฑุฉ ุงูููุทูุฉ ููุนุฏ ูู ุงููุนุงูู ุงูุชุงุฑูุฎูุฉ ูู ูุฑูุณุง ูุฐูุฑุช ูู ุฑูุงูุฉ ุฃุญุฏุจ ููุชุฑุฏุงู ููุนูุฏ ุชุงุฑูุฎ ุงููุจูู ุฅูู ุงูุนุตูุฑ ุงููุณุทู ุฅุณุชุบุฑู ุจูุงุฆูู 100 ุนุงู ูุญุฑู ูู ุณุงุนุงุช<>(ูุด ุชุณุชููุฏ ูู ูุฐุง ูุง ูุตูุญ ุงูุช ููููู ูุงูุชุณุงูุญูู ูุง ููุจุทุญูู ูุง ุงูุฉ ุถุญูุช ูู ุฌูููุง ุงูุฃูู) <>#ูุงุชุฏุฑุงูููููุชุฑุฏุงู,1
ูุงุฌูุชูุง ุฏูููุชู ูุง ูุฑูู ูุณุฎู<>ุฏูููุชู ูุง ุณุฑุณุฌู ูุง ุงุจู ุงูุดูุงูู<>ูุงุฑุจ ุชุชุบูุจูุง 7,1
@E @E @E ููููููู ุงูุดุนุจ ุงููุณุนูุฏ ูุนูุด ุน ูุนูู<>ุชูุฐุจ ูุง ุงูููุงูู ูุง ุฏุฌุงู ุน ุจุงูู ูุญูุง ุนุงูุดู ูู ูููุจ ุขุฎุฑ<>ูุงูู ูุง ูุนุฑู ุงูุดุนุจ ุงููุณุชุนูุฏ ูุบููุจ ุน ุงูุฑู,1
@E @E ูุงููู ุงููู ููุฑุง ููุงูู ูููู ุจูุฏู ุงูุนุฑุงู ููู ุบุงุจุงุช ูุซููุฌ<>ุงูุนุฑุงู ููู ุตุญุฑุงุก ููููุง ุงูููุท ูุง ูุงู ุนุดุช ูุง ุนุฑุงูู ูุง ุงุนุฑุงุจู ูุง ุญุงูู ูุง ุนุงุฑู,1
 @E: #ุงุณูุงุนูููููููุชูููุฎุชูุท ููุง ูุง ู ูุง ูุง ููุฌุงูู .. ุนูู ุงูุชูููุช ุงูุง ูุงูู ,1
@E @E @E ูุงูููุช ููุณูู ูุณู ูุฑุชุถู ุงูุชูุง ุงููู ุนุงููููู ูููุฉ ููุง ุงูุช ุจูุจ ุจูุจ ูู ุฏู ููุงู ููุง ุงูู ๐ <>ุงููู ูุจุงุฑูููุง ุฑุคูู ุฎููู ูู ุณุงุนุฉ ูุง ูุงู ูุง ุธุงูู ููู ููู ูุงูุชูุง ุจุชุชูุงููุง ูู ุงููู ุงูุญูุฏ ููู ููุณุฉ ูุง ููุงุฏ ุงููุญุจู ูุง ุจุชูุน ุงูุฑููููุชุงุฏ,1
@E @E ุชู ุชุจุง ูู ุฃููุง ุงูุดููุนู ุงูููุญุฏ ููู ูุง ุนุงุทู ููู ูุง ุดูุงุชู ูุง ูุงุณู ๐น๐๐ฝ๐ฅ,1
#ุงูุงุชุญุงุฏุงููุตุฑ ุงุชุญุงุฏ ุงูุนุฑุงูู ูุงูุชุงุฑูุฎ ูุงูุนุงููู ุงูุญูููู ููู ููุจุท ูุง ูุงุณ ูุจุฑูู ูุง ุนููุฏ ....ููููู ูู ูุง ููุฑุงูู ูุง ููุญุท ุตุฏุงุฑุฑุฑุฑุฑุฑุฑุฑุฑู ุจุณุณุณุณุณุณุณุณุณุณุณุณ,1
 @E: ุงูุช ูุง ูุณูุญู ูุง ุฒูุฑ ูุงูู ุนุถูู ุฒูุฑ ุจุชุญูู ุนูู ุงูุงููู ูุงูุช ุงุฒู ุจุชุดุฌุน ููุฑู ููููุด ูุณูุญู ุจููุนุจ ููุฑู โ ูุจุฏุฆูุง ูุด ูุงุฑุฏ ุน ุงูุดุชููุฉ ุซโฆ,1
@E @E ุทุงุนุฉ ุฑุณูู ุงููู ุตูู ุงููู ุนููู ูุณูู ุญูุง ูููุช. ุซู ูููุฏู ูุง ูุดุฑู ูุง ูููู ูุงุงูููู ููุช ูู ูู ูุจู ูุนูุฉ ุนูู ุงู ุณุนูุฏ ู ุญูุงู ุงูุนุฑุจ ุฎุฏู ุงููููุฏ ูุฃุฐูุงุจ ุงููุตุงุฑู .ูููู ุฃูุฑู ูู ุงูุดูุฎ ุฅุจุฑุงููู ุจู ุนูุงุฏ ุญูุธู ุงููู,1
#ุงุฑุฏูุบุงููุนุงุฏูุงูุณุนูุฏูู<>ูุงููู ูู ุชุนุฏู ูุฏุฑู ูุง ูุฑุฏ ุบุงู ูุง ุจู ุงููููุฏูุฉ ุุุูุณุชูุจูู ุงูุงูุงู ููู ุณุชููู ุงูุช ูุฏููุชู ุงูุนููุงููุฉุุ<>ูุฑูุจุง ุณุชุตุจุญ ููุฐุง ููู ุชููุนู ุงูุฏููุน ูุงูุงุณุชุฌุฏุงุกุงุช ูุง ูุฒูุุ ,1
@E @E ูุง ุงุดุฑู ุงูุฒูุงูู ูู ูุฏู ุณููู ูกูู ูช ูุง ุงุดุฑูุ ูุง ุงุดุฑู ูุง ููุถูุญ ูุง ูุนุฑุต ูุงุจู ุฎูุณุฉ ุดูููู ุญุชุฉ ูุงุชุฏุงุฑู ูููุง ูุง ูุนุฑุต ูุงุจู ุฎูุณุฉ.. ูุง ุจุชุดูููุด ุบูุฑ ุงููู ุนูู ูุฒุงุฌูู ูุง ูุนุฑุตูู ูุง ููุงุฏ ุงููุณุฎุฉ!!,1
ูุฎุฑุจ ุจูุชูู ูุง ูุถูุนูู ูุง ููุงูููู ุงูููุฒ ููุฃุชุญุงุฏ ููุณุชุญูููู ุงููู ูุชูู ุนูู ูุฐุง ูููุฒูุง ุนูููู ูุณุชุญูููู ุชุฌูุจูู ุทุงุฑู ูุจุงุฑุงุชูุง ููููู ููููู,1
@E ููู ูุง ููู ูุง ุงุตู ุงูุนุฑุจ ุุ ุงูุชุงุฑูุฎ ูููู ุงูููู ููุจุฑุฉ ุงูุบุฒุงู . ูุงููููู ููู ุนููุงุก ุงููุฑุณ ู ุงูุงุฎููุฌ . ุงุฌูุฏููู ุฌูุฏ . ูุงููู ุงูุง ุงูููู ูุฎุณูู ูุงุง ูุณูุจูููุง ูู ุนุฑูุจุชูุง ู ูุจููุชูุง ๐พ๐ช๐ธ๐ฆ,1
 @E: #ููุฎููุฏุฑุฑูุงุฒูุงูู<>- ููุง ุฌูุฒู ููุณู ูุง ุฒููุจ <>= ููู ูุง ุนุจุณููุน <>-ูุฑูุฒูุง ูุณุชูููุง ๐ ,1
@E ุฑูุญ ูุง ุงุจู ุงูุฒูุง ูุง ููุจ ูุง ูุงุณุฏ ุงูุช ูุญูููุชู ูุฑุฆูุณู ูุง ุฒูุงูู ูุง ุนูุงู ุดุญูุจุฑ ุญูููุฉ ูุฑุฆุณุฉ,1
@E ุงูููุฒุงู ุฒู ุงููุงุฒููู ูุงุญุฏ :ูุชูู ูุนุฐุจู ู ุญูููู ูุงู ููุง ุฒุงู ุดูููู ูุนุชุฏู ูุงุณุฏ ูุงูู ุงูุงุฑูุงู. ููุฑูุถ ุงูุขู ุฑููุฒูู ูุง ุจููููู ุจูุชุญุฑูุง ูุง ูู ุงูุณุฌู ุฏุฑุกุงู ูู ุงู ูุชูุฉ ู ููููู ุนุธุฉ ู ุนุจุฑุฉ ู ููุฑุชุฏุน ูู ุฌุจุงุฑ ุนููุฏ. #ุงูุซูุฑุฉุจุฏุชูุงุฏูุจ ู ุงูุซูุฑุฉ ุฎูุงุฑ ุงูุดุนุจ,1
@E @E @E ูุง ุฑูุงูุถ ูุง ุงูุฌุงุณ ููุณ ููู ุนูุฏูุง ุงูุง ุณุจุงููุฑ,1
@E @E ููู ุงูุดุฑููุทุฉ ุงุฎุชู ุงูุงูุง ุงููู ุงุฏูุฑ ูุน ุงูุชุงุฌูุฑู ูู ุงููุญุงูุฑ ุงูู ุฐูุฑ ูุด ุดุงุฐ ุฌูุณูุง ุฒู ุทุฑูุณ ูุฒุฑุงุทุฉ ูุงุชุจุงุน ุงูุดุงุฐ ุจุงุฏู ุจุฑุง ูุงููุจู ุดูู ุนูุงุด ูุฒู ุงูุฌูุด ุทุฒ ููู ููู ุงูุทุงููุง ูุง ุนููู ูุง ุฎุงูู ูุง ููุจ ุฎูู ุงูุทููุงู ูุฌู ูุฒูููู ูุง ุฒุงูู,1
@E @E ุงุณูุชู ูุง ุฌุฒูู ูุง ููุทููู ูุงุนูุฏู ูุงูู ูููู ุดููู ุงุจูู ุดููุนู,1
@E @E @E ุงููุตุฑ ูุญุชุฒู ุจุฌูููุฑู ูุฑุฌุงูุงุชู ููุท ูุง ูุณูุงุฑ ูุง ุงุจู ุฏูุฑู ููุทู ูุงุญุฏ ุฒูู ุฒู ุงููุชุญ ูุง ุชูุงูุท ุนูู ุนูู ุงููู ุฏุงุนุณ ุนููู ุฑุงูุญ ุฌุงู ูู ูจ ุณููุงุช,1
@E @E ุงููุนุฑุตูู ุฏูู ุงููู ุฌุงุจูู ูุง ุฒุจุงูู ูุงุงุญูุฑ ุงููุงุณ ุงููู ููุชูู ูููู ูุง ุฎููู ูุง ุงุฎูุงู ุงูุดูุงุทูู ูุง ุฎูุงุฑุฌ ุงูุนุตุฑ,1
@E @E @E ูุง ุจุงุฑู ุงููู ูููู ููุง ูู ูููู ุงููุบุชุตุจูู ุงููุงุชููู ุงูุฐูู ูุนููู ุงููู ูู ูุชุจู ุงูุณูุงููุฉ ูุง ุตูููููุฉ ูุง ูุญุชูู<>ูุฐูู ุณูู ูุญุดุฑ ุงูุฑุฌู ุงูุขูุงู ูุฐุง ูุนู ุงูุชู ููู ุนูู ุดุงููุชู ููุณ ุบุฑูุจ ุนููู ูุฃูู ูุงู ููุชุจ ูู ููุงุฉ ุงูุฎูุฒูุฑู. ุชุณุฑู ูู ุนุฑููู,1
@E ูุงููู ูุง ุฏูุชูุฑ ุงูุจูุฑ ุงูู ุซูุฑ ุงููู ูู ุจุฑุณููู ูุง ุฎุฏูู ูุง ูุถูููููุน ูุง ูุนููุฉ ุฌุฏุฉ ูุง ุตุฑุตูุฑ ุฌุฏุฉ ุฎููู ูู ูุงุฏูู ุงููุงูุฏ ูุซูู ูุดุฑูุงู,1
@E ุงุฐุง ูุฒุช ุงูู ูุจุฑูุงุก ุงูุฒูุนูู<>ุงุฐุง ุฎุณุฑุช ุทุงุญ ุงูุฒุนูู ุจูุนู ูุงุนู <>( ูุนูู ูุง ุฃููุฒ ูุง ุงุดูู ) <>ูุงุชุทูุดูู ูุง ุงูุนุงุช ูู ุชุญุฑูุถ ุงููุงุณ ...<>ูุฑูููู ููุงูู ููุงูุณุชุญู ุดู ..<>ุจุงุฑู ููู ุงูุถู ููู ูุจูุงุด ููุงุท,1
@E ูุชุนููู ุงูู ูุง ูุฑุฎู ูุง ูุฎุทุทู ุงูููุงุฑุฏู. ุงูุง ุนูู ููุณู ุนูุฒุงููุง ุชููุฒูุง. ูุงุฑุจ ูููุฒูุง ูุงุฑุจ ูููุฒุง,1
ูุง ุงููู ูุง ุจุฑูุทุงููุง ูุง ููุญุฉ ููู ุญููุงุฆู ุุูู ุจููุช ุงุฐู ุงููู ุงู ุชุฑูุน ููุฐูุฑ ุจู ุฑุฌุงู ูุง ุชููููู ุชุฌุงุฑุฉ ููุง ุจูุน ุนู ุฐูุฑ ุงููู ูุณุจุญ ุนูุฏูุง ุจุงูุบุฏู ูุงูุงุตุงู ุุ,1
@E ุงููููููููู ุฌูุฏู ุงูุนููุฏ ูุง ุตุบูุฑ ุงููู ูุง ุตุบูุฑ ุงูุฑูุงุถ,1
@E ูุง ุฌุงูู ูุง ุฌุงูู ูุง ุบุจู ุงูุฏูุฑู ุงูุงูุฌููุฒู ูุด ุณูุง ุุ ูุง ุฌุงูู ูุง ุทูู ุจุชููุนูู ุงู ุงููุฑุฉ ุงูุงุณุทูุฑูุฉ ุงูู ูุฏููุง ุจุฑุดูููุฉ ุจูุชุฑุฉ ุชุฏุฑูุจู ุฌุช ุตุฏูุฉ ูุจุงุฑุฏุฉ ูุจุฑุฏุฉ ุ ุนุฑุจ ุงุบุจูุงุก ุจูู ุดู,1
@E @E ูุง ุงููู ุงุบุจูุงุก ูุง ุงููู ุฏููุฎ ูุงุฌูููุฑ ุงูููุงู .. ููู ููู ูู ูุงูุงุณูุงุก ุงูู ุฌุงุจูุง ุณุงูู ูููู ุฌุงุจ ุณุงูู ุงุตูุง!ุ<>ูููุง ุชุฑูู ุงู ุงูุดูุฎ ูุณุงูู ูุงูุณุชุทูุน ุญุชู ุชุฌุฏูุฏ ุนูุฏ ุงุตุบุฑ ูุงุนุจ ูุงูููุงู ุจุณ ุงูุชูุง ุชุญุจูู ุงูุฏุฑุงูุง ูุงูุจูุงุฆูุงุช ููุทุงููู ูุง ุชุฒุจุทููุง ูุง ูุฎุฑ,1
ุชูุฃูุฃ ุชุตูุช ุชูููู ุชุตูุตู<>ุงูุชุนุฏููุงุช ุงูุฏุณุชูุฑูู ุงุฑุงุฏู ูุตุฑููู ุดุฑูุงุก ูุทูููู ูุด ุดููู ุฎููู ูุงุฑุจูู ูู ุงูุนุฏุงูู ูุจูุทูุนูุง ูู ููุงู ูุดุจููู ูููุฎุงุจุฑุงุช ุงูุชุฑููู ููุทูุน ูููุง ุนููุงุก ุฎููู ูุฑุฏุฏูุง ููุงู ุงุณูุงุฏูู <>ุฏู ูุตุฑ ูุง ๐๐๐๐ <>ูุฃูุฃ ุจุนูุฏ ูุง ุงุณุทู,1
@E ูุง ุฑุฌุงู ูุง ููุฏ ูุง ุจูู ุงุฏู ูู ุฒูู ู ุฒู ูู ูุดุฌุน ูุตุฑุงูู ูุงุฑู ูุฃูุซุงูู .. ูุงูู ูููุจ ุจููุณู ูุณูู ุฎุงูุฏ ุงูุดููู ! ุญุชู ุงูุฎุดุจูู ุณุงุญุจูู ุนููู,1
@E ุทูุจ ูุง (ููุงู ูุงุฒููุง ูู ุงูุณูุง ) ูุง ููู ูุง ุทุงูุฑ .. ุงูุช ุจุชุฎููู ุฏู ูุญุฏุด ููุฏููู ุงูุชูุงู ูู ุงูุงููู ูู ุงูุงุชุฌุงู ุงูุณูุงุณู ( ุงูุงุฎูุงูุฌูู ) ูุงู ููุนุชุจุฑูู ูุนุฑุต ูุนุงูุฒูู ูุนุฑุตููู .. ููุงู ุงููู ุชูุงุฌู ูู ูู ุชุทุงูู ุนูู ุงุณูุงุฏู ุงูุฒูููุงููู .. ุณูุฏ ุงุจู ุญููุธู ูุดุงููุชู ูุงูู,1
ุงููู ูุง ุงูุทุงูู ูุง ุงุจู ุงูููุจ ุงูุช ู ุจุงุตู ููุนู ุงููู <>ููุง ููููู ุงูุญูู,1
@E ููููู ุดููุฏ ุจุณูุฑูุง ุงุถุงูุฉ ููุฆุงุช ุขูุงู ุงููุนุชูููู ุงููุณูููู ุงูุฐูู ุฃุตุจุญูุง ูุชูููู ุงูููุช ููุฎูุงุต ูู ุงูุนุฐุงุจ ุจุณุฌูู ุจุดุงุฑ ูุฑูุงุถ ุงูุญุฑุณ ุงูุฎุฑุงุฆู ุงูุงูุฑุงูู <>ููุฆุงุช ุขูุงู ุงููุนูููู ูููุงููู ุงูููุฌุฑูู ูู ุฏูุงุฑูู <>ุฃูู ูู ูู ููุฒุงูู ูุง ุญูุงุณ ูุง ูู ุชุฏุนูู ุชุจูู ุงููุดุฑูุน ุงูุง,1
@E @E @E ุงุฎุฑุณ ูุง ุนุจุฏ ุงู ุณููู ูุง ูุทุจู ูู ุฑุฃูุช ูุดุงูุฏุช ุจุฃู ุนููู ููุง ุงุทูุนูุง ุงููุบุฑุฏ ุงุจู ุงูุจูุฏ ูุดุงูุฏ ุนูุงู ููุง ูุฌุฑู ูู ูุตุงุฆุจ ูุงุญุฏุงุซ ุงู ุงูู ููุท ุชุทุจู ููุจุงุทู ูุชุถุญู ุนูู ููุณู ูุงุงุจู ุงูู ูุงูุงู ๐๐,1
@E ุชุจุง ูู ุซู ุชุจ ุซู ุชุจุง ุซู ุชุจ ุชุฌุงุฑ ุงูุฏูู ุฏูุฑุชูุง ุงูุงุณูุงู ูุง ููุงูููู ูุง ุถูุงููู<>ุดููุนููู ุงุญูููููุง ุงูุง ูุง ููุฒุงู ูุง ุนูู ูุง ุงุฎูุงู ูุชุงุณูููู ุงุฑุจุงุจ ุงููุงุณูููู ูุงูุตูููููู ุงูุชู ููุดูููู ุชูุงูุง ุฎูุงุต ุณูุฏู ุนูุฑ ุงูุจุดูุฑ ุทุงุฑ ุฌุงู ุชุชูุณุญ ูููุง ุชุจุง ูู ูุชุจุง ูู,1
ุงูุนูุงู ุฏูู ุงูู ุฑุฆูุณ ูุงุฏููู ูููููู ุฒู ุงูุญููุงูุงุช ูู ุงูุญุฏููู ุนูุดุงู ูุฑููููู ุดููุฉ ุฃูู ููุฑูุญูุง ููุณููุง ุงูููุจุงูู ูููุชุญูุง ุงูููุณ ุนูุดุงู ููุชุจูุง ุฑุฌุน ุงูุณุงุนุงุช ูุง ูุจุฎุธูุจ ูุง ูุงุดู ๐<>ุงูุญูุฏุงููู ุงูุฐู ุนูุงูุง ููุง ุงุจุชูุง ุจู ุบูุฑูุง โ ,1
ูุง ุงููุงูู ูุง ูุฐุฑ <>ุงูุง ููุช ุงููู ุงููุง ููุจ ุจููุชู ุจุณ ุจุงุนุงุฏุฉ ุงูฺคุงุฑ ูุงุงุงุงุงุงุงุถุญู ุงููุง ุจููุชู !,1
 @E: ููุง ูุง ูุฎุชูุท ูุงูุช ูุง ููุงุฏ ุงูุงุนุฑุฌ<>#ููุงุฒูุงููุงูุณุงุฏุณููุงูุช,1
@E ุงูุญูุฏููู ุนุงูุดูู ุงุนุฒ ุนูุดู ูู ุญูู ุงู ุณุนูุฏ ุงููู ูุทูู ูู ุงุนูุงุฑูู ููุฌุนููู ุฐุฎุฑ ููุง ููููุณูููู ูุงูุชู ูุง ุงูุงูุนู ูุง ุฎุงุฏูุฉ ุงุฑุฏูุบุงู ูุชูุธู ุงูุงุฎูุงู ุงูุงุฑูุงุจู ุฎููู ุจุดุคููู,1
@E ุนูููุฉ ุงูุฃุทูุงู ุญูุช ุฌูููุฑ ุงููุตุฑ ุจุทูููุง ุงูุงุชุญุงุฏ ูุงุฏู ูุจูุฑ ูููุนุจ ุจุงุณูู ููุฎุฏู ููุณู ููุง ููุนุจ ุนุดุงู ุงุญุฏ ูุงูุช ูุง ุฌูุงููุฑ ุงููุตุฑ ูุง ุชููุฒุนูู ุงูุงุชุญุงุฏ ูุง ุชุณุจููุง ุจุทูููุง ุงูุงุชุญุงุฏ ูุงุฏู ูุจูุฑ ูุนุฑูู ุฒููู ุญุชู ูู ุฌุงุฑ ุงูุฒูุงู ุนูููุง ุงูุงุชุญุงุฏ ูุจุจูููููุจุจุจุจุจุจุจุจุฑ ูุงุญุชุฑููุง,1
 @E: ูุง ูุงุจุด ุงููุจูุฑ ูุง ูุงุฆุฏ ุงูุงุดุฑุงุฑ<>ูุง ุนุจุฏุง ูุฃุฌูุฑุง ูุฏู ูุธุงู ุจุดุงุฑ<>ูุฑุฌุนูุง ุฏุงุฑ ุงููุฑุงูุฉ ู ูุฑุฌุนู ูุฒุฑุนุฉ ุงุจูุงุฑ<>#ููุฑุญููุงูุณุจุชุจุงููุฎโฆ,1
ูุณู ุงูุงููู ููุณู ุงูุฃููุงููุฉ ููุณู ุงู ุญุฏ ุงููุงูู ููุญุท ุงูุตูุฑุฉ ูู ุงู ููุงู ุบูุฑ ุทูุธู ูุง ุจุชูุน ุตู ุฏุงููุฒ ูุง ูุนูููู ูุง ููุงุฏ ุงููุณุฎุฉ ,1
@E ูุญุฑูู ูู ูุฎุฑ ุงูุนุฑุจ ูุง ููุญุฏ ูุง ุจุชุงุน ููุณู ุงููููุฏู,1
ุจุงููู ุงูุนูุฑูุช ุฏุฉ ุฏุงูุฑ ูุญูู ุงูุณูุฏุงู ุุ<>ูุงููู ูุดุจู ุตูุฑ ุฎุฑุฌ ููู ูุนุฏ<>ุงูุช ูุง ุชูุซููู ุงูู ููู ุงูููุงูุฉ ูุง ุดููุนู ูุง ุนููุงูู ูุง ุนููู ,1
@E ูุงูุช ูุงู ุงููู ูุง ุณูุฌ ูุง ููู ุจุชุชุฎู ุนูู ุงูุณุจ ูููุฉ ูุงูุงุฏุจ ูุง ุชุฎููู ูู ุญุงูู ุฏุง ููุง ุงููุงุญุฏ ูุญุจ ูุดุชูู ููููู ูุง ูุดุฌุน ูุงุฏู ุงูุจูุงุจูููููููู ุงููุฎุชูุท ููุงูุงุช ุงูุงุฏุจ ูุงููู ูุจูุฑูู ูุฑุชุถู ูุฏู ููุงูุฉ ุนููู,1
@E @E @E ุฎูุต ุจูุฏู ูู ุงูููุงูู ูุง ููุงูู ูุง ูุฎููุงุช ุงููุณุชุนูุฑ ูุง ูู ุชุชุญูู ูููู ุงูุฑุงู ุงููุชุฎููู ูุจุนุฏูุง ุชุนุงู ูุฌุจ ูุนู ุงุฎุชู ููุนุทูู ุฑุฃููุง .,1
ุงูู ุฏูุงู ุดุฑููุทู ูุง ุงูุฃุนุฑุฌ ุงูุฃุตูุน ูุง ุงูุณุนูุฏู ุงููุดุนูุฐ ูุง ุฎุงุฏู ูุนุจุฏ ุงูุดุฑุงููุท ุงููุจูุนุงุช ุงููุฏูุฏุงุช ุงููุฏูุฏุงุช ูู ุงูุดุฑูุทู ูุงููุณุงุฎู ูุงููุฐุจ ูุงููุตุจ ูุงูุงุญุชูุงู ูุง ุดุจูุงุช ุงูุฏุนุงุฑู ูุงูุดุนูุฐู ูุง ุจูุง ุดุฑู ูุดุนูุฐ ุจูุง ุดุฑู ุฌุจุงู ูุดุฑุงููุท ููุทุนุงุช ููุตูุงุช ุจูุง ุดุฑู ูุง ุงูุฌุจุงู ููู ูุณุชููู ุจุงูุดุนูุฐู ูุง ุงููุฌุฑู ๐ฉ๐ฃ,1
ุงูููู ุนููู ุจุงูุนุณูุฑ ุงููุฌุฑุฉ ููู ูู ุญูููู ูู ุญูุงู ุงูุนุฑุจ ูุงููุณูููู ุงูุฎููุฉ ูุงูุนููุงุก ูููููุฏ ูุงูุตููุจููู ุงุญุตูู ุนุฏุฏุง ูุงููููู ุจุฏุฏุง ููุง ุชุจู ูููู ุฃุญุฏุง ุงูููู ุนุฌู ุจุฒูุงููู ูุง ููู ูุง ุนุฒูุฒ ูุง ุฌุจุงุฑ ูุง ูุชูุจุฑ ูุง ูุงูู ุงูููุง ุดุฑ ูุคูุงุก ุงูููุฑุฉ ุงููุฌุฑุฉ ุจูุง ุดุฆุช ูููู ุดุฆุช ุงูููู ุขููู,1
@E ุนูุทูุง ุฏู ูุง ูุงุณุฏูู ูุง ุธููุฉ <>ูุงููู ุจุชุทูุนูุง ุจุฑุฉ ุจุฃู ุชุญููู ุงุฌูุจู ุจุชุชูุดุฎูุง<>ุนุฑูุชูุง ุจุชูุณุจูุง ูู ูุตุฑ ุงุฒู<>ูุงู ูููุงุฑ ูุง ุณูุฑุณ<>ุงูุฌููู ูุงูุน ... ุงูุญูู ,1
@E ุญุณุจูุง ุงููู ููุนู ุงููููู ูููู ูุง ุณุนูุฏูุฉ ู ูุง ุงูุงุฑุงุช ู ูุงุญูุชุฑ ู ูุง ุณูุณู ุงูููู ุฅูุง ูุฌุนูู ูู ูุญูุฑูู ููุนูุฐ ุจู ูู ุดุฑูุฑูู ุงูููู ุงูููุงูู ุจูุง ุดุฆุช ูููููุง ุดุฆุช,1
ุงูุฃุณุฑุฆูููู ููุง ุฅูู ุฎูู ุงูุจุทุงุทุณ ุงููุญูุฑุฉ ุชูุฑูุด ููู ุจูู ุฃูู ูุด ูุตุฏู ูุง ูุนุงุฏู ููุณุงููุฉ ูุง ุนูุตุฑู ูุง ุฃุฑูุงุจู ูุง ูุงุฒู ูุง ุงุจู ุงูููุจ,1
@E @E ูุง ุนุจูุฑ ูุง ุงูุฏููููู ูุง ุชุฏุนูู ููุฐุง ุงูุดูุนู ุงูุญูุซู ุงููุชุนุตุจ ุงูู ุงุณูู ุงูุดุฑูู ุญุณูู ุงู ููุชู ูู ุงูู ุงูุณูู ูุงูุฌูุงุนู,1
 @E: ูุง ุงููู ููู ุุ<>ูุง ุงููู ููู ..<>ุฃุฑุฑุฑุฑูู ุนูู #ุงูููุงู<>ูุง ุงููู ูููููููู,1
@E ููุชู ููุฑ ูุง ููุฑุงูู ูุง ุญุณูุฏ ุชุฑู ูู ูุซุฑ ูุง ุชุญุณุฏ ุงูููุงู ุชุฏุฎู ุจููุชู ุชููู ุนููู ุธูุงูู ุนูุดุงู ูููู ุฑุจู ููู ูููููู ุฎููุง ููุชูู ุฒููู ูุตูุญู,1
@E @E ููุฌูุฑูุง ๐คฃ๐คฃ๐คฃ๐คฃ๐คฃ๐คฃ๐คฃ. ุงููุดููุฉ ุงูููุฌูุฑู ุจ ูุฑููู ูุง ููุฑุงูู๐คฃ๐คฃ๐คฃ๐คฃ๐คฃ๐คฃ๐คฃ๐คฃ๐คฃ๐คฃ๐คฃ๐คฃ๐คฃ๐คฃ๐คฃ๐คฃ ุงุณูุงุฏ ุงุณูุง ุญูุง ูุง ุชุนุจุงู ูุง ุงุจู 3 ุตูุญ ุตูุญ ุตูุงุญู ุทุฑุจ ๐คฃ,1
@E ูุงุจุฏูุงุด ุชุฒุจุท ูุง ุฒููู ูุง ุนุจุฏ ุนุฒูู ุจุดูุงุฑู ููุธุงู ุงูุญูุฏูู ุงูุงูุงุฑุงุช ูุงูุณุนูุฏูู ุถุฏูู ุจุง ุงูู ุงููุชูู ูุงูุฏูุงุฑ ูุงูุชุดุฑุฏ ุณุจุญุงู ุงููู ุงูุงุฎููุฌูู ูุบุฑุฏูู ูุน ุจุนุถ ุฑูููุช ููุชุฑูู ุนุฒูู ุจุดูุงุฑู,1
@E ุฎุฎุฎุฎุฎุฎุฎ ุฎุฎุฎุฎุฎุฎุฎ ุฎุฎุฎุฎุฎุฎุฎ ุฎุฎุฎุฎุฎุฎุฎ ุฎุฎุฎุฎุฎุฎุฎ ุฎุฎุฎุฎุฎุฎุฎ ุฎุฎุฎุฎุฎุฎุฎ ุฎุฎุฎุฎุฎุฎุฎ ุฃูุช ูุชููู ููุณู ุ ุดูู ุฌูุงููุฑูู ุนููุช ุฅูู ุจุนุฏ ุฎุฑูุฌูู ูู ุฃุฑููุงูุฏู ุญุณุงู ุบุงูู ูุง ูุชุงูุฉ ูุง ุงุจู ุงููุฑุฉ ุงููุชูุงูุฉ ุฃุญุงุงุงุง<>ุงุจูู ุดูู ุฌูุงููุฑ ุงูุฒูุงูู ูู ูุงููุงู ุฃูุฑูููุง ูุฏุงู ุตูุฏุงููุฒ <>ุงูู,1
@E @E ุงูุญุณุงุจ ุงูุฎุงูู ุนูู ููุฑุฉ ูุฑุนูููู ูู ุจุงูุน ูุทูู ู ุจุงุน ูกูฆูููุชุฑููู ุณููุงุก ู ูุณุฉ ููุจูุน ูุตุงูุญ ุงูุตูุงููุฉ ูู ุตููููู ุฎุงูู ู ุงูุชู ุฒูู ุจุงูุถุจุท ุฎููุฉ ู ุจุงูุนูู ููุทููู ูุง ุงูุชู ุนุจูุฏู ุจูู ุงูุง ูุง ุฃุชุดุฑู ุงูุง ุงุชุนุงูู ูุน ุงูุนุจูุฏ ุงูุซุงููู ูุง ุญุณุงุจ ูุง ุฎุงูู ู ูู,1
ุงููู ูุญุฑูู ูุง ูููุฌ ูุง ููุงุญ ูุง ุงุจู ุงูููุงุญูู,1
ุงููู ูุงุฎุฐู ูุง ูุฑูุงุชู ูุง ุณุจุงู ุนูุฑ ุงูููุงู ู ูุงู ุถุงูุน ูุฐุง ุญุชู ููู ูุงููุง ูุฏุฑุจูู ุงูุฃูููุจู ูุฏุฑุจูู.,1
@E @E @E ูููููููู ุงูุชู ูู ุณุชุฑุถุฎูู ุตุงุบุฑูู ุงูู ุชููู ุงููุฌุฏ ูุฃุฑุฏูุบุงู ูุง ุนุจูุฏ ุงูุฑููุง ูุง ููุงุนูู ูุง ุนููุงุก ุฅุณุฑุงุฆูู ูุง ูุงุชููู ุงูุฃุทูุงู ูู ุงูููู ูููุจูุง ๐๐ผ๐๐ผ,1
@E ูุง ุฎูุงุฑุฌ ูุง ุงุฑูุงุจููู ูุง ููุจุน ุงููููุฏ,1
@E ุชู ุชุญููู ุฎูุฒูุฑูู ุงูู ูุญู ูุญุทุจ<>ูุนูุจุงู ุงูุจููุฉ ุจุฃุฐู ุงููู ุชุนุงูู<>ุงูู ุฌููู ูุจุฆุณ ุงููุตูุฑ ูุง ุงูุบุงุฏ ูุง ุฎููุฉ <>ูุง ุญููุฑ ุงูุฑุงู ูุงููููุฏ<>ุดูู ูุฑุด ูุจุทูู ุณุงุฏุงุชูู ุงูุงุญุจุงุด ููุฎููุงุช ุงููุฑุณ ูุงูุงุชุฑุงู ูุงูุฃุญุจุงุด <>ูุนุฏ ููุญุฑุฑ ุงูููู ุดุจุฑ ุดุจุฑ<>ูุง ุดูุชูุง ูู ุงูุฐุฆุจ ,1
 @E: ูุนูุฉ ุงููู ุนููู ูุง ุณุจุงู ูุง ุฌุจุงู ูุงุจู ุงูููุจ ูุง ูููุฏู ูุง ุฌุฒูู,1
 @E: ุฌุฒููู ูููู ูุง ููุงุงุงุจ ูุง ุจูุงุจูู #ุฌุฒูุฉุถุงุถุงููุฒูููุงููู ,1
@E ูุง ุจูุงุจูู ูุง ุฒุฑูุจุฉ. ุงุฉ ูุง ุฒูุฒู <>ุงููููู ุงูุจูุถู ุจุฎุทูู ุญูุฑ ุงูุงุง ููุถูู ุงุญูู ุนูููุง ุทูู ุงูุนูุฑ,1
ูุจุณูุง ูุง ูุจุฑุฑ ููุชุญุฑุด.. ูุง ุญููุงู ูุง ุจุฑุจุฑู ูุง ูุบูู,1
ุชูุธูู ุงูุงุจุงูุณุฉ ุงูุดูุงุทูู ุงูุฃุนูุฑ ุงูุฏุฌุงู. ููู ููุชู ููููุง ูุชุนูุฏุง ูุฌุฒุงุคู ุฌููู ุฎุงูุฏุง ูููุง ูุบุถุจ ุงููู ุนููู ู ูุนูู ู ุฃุนุฏ ูู ุนุฐุงุจุง ุนุธููุง. ูุฐุง ูุง ููุชุธุฑูู ูุง ูุฌุฑุฉ ูุง ุทูุงุบูุช ุงุฎุณุคุง ูุจุญูู ุงููู.,1
@E ุงูุตู ูุงุนูุฏู ุชูุจุญูู ูู ุชููุชุฑ ูุง ุงูุถุจุนู ูุง ุฐูุจ ุงููููุฏ ูุงูุชุฑู ูุงููุฑุณ <>ุงูู ุดู ุฎููู ุนูู ูุฐุง ุงููุฒููู,1
ุงูู ูููู ุงูููุงู ุฏู ุงูุง ูููุฑ ุงูุฒูุงูู ุงุฎุฏ ูุงุณ ุงูุนุงูู ููู ุงูู ูุง ุนุงูู ูุง ูุงุดูู ูุง ููุงููู ุงูุงููู ุทูุน ุณูุชูู ูุฑุง ุจุนุถ ูู ููุงุฆู ุงูุฑููุง ุฏูุฑู ุงุจุทุงู ูููุชู ุจุชูููู ุงูู ูุฑูู ูุงุดู ุจุณ ุงูุฒูุงูู ุงูุงุณุจุงูู ููุตู ูุฑุจุน ุงูููุงุฆู ูุฃูู ุงุฎุฏ ูุงุณ ุงูุนุงูู ููุงู ููุงู ููุงู #ุงูุงููู ููู ุงูุฌููุน,1
@E ุฃุณูุช ูุง ุฃุจู ุฌูู ูุง ูุฑุชุฒู ูุฑุญุงู ุนูุฏู ุฌูุงุฒ ุจุฑูุทุงูู ูุง ูุชุดุฑุฏ ูุง ุฏุฑุฒู,1
 @E: @E ุณูุนูุฏ ุตูุงุญ ุงูุฏูู ุงูุงููุจู ุจุนุฏ ุฅููุงุก ุฏุฑุงุณุฉ ุงููุงููู ุนูุฏ ุงูุงูุฌููุฒ ููุญุฑุฑ #ุงููุฏุณ.. ุงูุชุธุฑูุง ูุง ูุญุจุทูู ูุง ูุดูููู ุจุงู #ุงููุถูุฉโฆ,1
ูู ุณุฎุฑูุฉ ุงููุฏุฑ ูุง ุฅุฎูุฉ ูุง ุฃุนุฒุงุก ุฃู ููุงุจ ุฃูุฑููุง ุงููุฌุงุฑ ุจุงูุฎููุฌ ุฏุฎููุง ูู ุนุฏูุงู ูุญุฑุจ ุฅุจุงุฏุฉ ุนูู ุฃุทูุงู #ุงูููู ุจุญุฌุฉ #ุฅูุฑุงู ูุฃุญุฑููุง ููุชููุง ููุฌุฑูุง ุจุงูุจุดุฑ ูุงูุญุฌุฑุ ููุจู ุฃูุงู ุณุงุนุฏูุง ููุงููุง ุถุญุงูุง ุงูููุถุงูุงุช ุจุฅูุฑุงู ููู ููุตููุง ุฑุณุงูุฉ ููุนุงูู ุฃููู ูุง ููุฌุฑูู ุจุงูุฎุตููุฉ..,1
@E ูุฃูุช ูุงู ุฃูู ูุง ูุนุฑุต ูุง ุฅุจู ุงููุณุฎุฉ ูุง ูุฒู ุงูุฃูุฒุงู ูุง ุจูุงุจ ูุง ุฒูุทูุฑ ูุง ูุงูุฌู ูุง ุจุชุงุนุฉ ุงูุฎูุงูุฌู ๐ ๐ ๐ ๐ ๐,1
@E ุฌุฑุงุฑ ููุงุฏ ุฏููุซ ุงุจู ุฒุงููู ุงูุช ูุง ููุตู ุงููุงุณู ุชููู ุจู ุญูุฏ ุฑุงูุจ ุนูู ุธูุฑู ูุธูุฑ ุฃููู ุนุดุงู ุชูุจุญ ูู ูุนูุช ุงููู ุนููู ูุนูู ูู ุฎููู ูุง ููุจ ูุทุฑ ูุง ุนุจุฏ ุงูุฑูุงู ูุง ูุดุชุฑุงุก,1
@E @E @E ุงูุช ุฃูุจุฑ ุทูุทูู ูุง ุฎุฏูู ูุง ูุถูุน ููุงูุณ ุนูู ุงููุจูุท ูุฎุงุฑุฌ ูู ุงูุนุฑุจูู ููู ูุฌู ุชุชููู ููููููููููููู,1
ุงุฑุญู ุงุฑุญู ุงุฑุญู ุงุฑุญู ูุง ุณูุณู ูุง ุฎุงูู ูุง ุตููููู ูุบุชุตุจ ุงูุณูุทุฉ ูู ูุตุฑ ุงูุงุณูุงููู,1
ููุง ุชุชุบูุจ ูู ุฃูุฑูููุง ู ูุถุฑุจูู ุนูู ููุงู ุจุงูุฎูุณุฉ ุชุนุงูู ูุงุญูุง ูุฌูุจ ุญูู ูุง ููููู ูุง ุจูุงู ูุง ูุงุฌุฏุฉ ูุง ูุจู ูุง ุดููุฉ ูุนุฑุตูู,1
ุตุญ ุงู ูุฌูุฏ ุงูุฃูุซู ูู ุงูุดุงุฑุน ูุณุงุฆูุฉ ุฎูู ูุณูุฉ ุงูุดุงุฑุน ูุตุงุฑ ุฃุฌูู ูู ูุจู ุจูุซูุฑ ูุงููู ุดู .. ุจุณ ูุฑุญู ูุงูุฏูู ุงูุณูู ุฎุทู ูุง ูููู ูุง ูุณุงุฑ ุฏูุฎุชููู ุงููู ูุฏูุฎู,1
ูุง ุฒูุฌู ูุง ุจู ุงููุณุฎุฉ ูุง ุนุจุฏ,1
 @E: ูุญุดุชููู ูุง ุฒูุฒู ูุงุจูุช ุงูููุงุจ ูุง ุฌุฒูุฉ<>#ุฌุฒูุฉุถุงุถุงููุฒูููุงููู,1
@E ููุง ุนุจุฏุงููุงุตุฑ ุนูู ููุงุทุนู ูุน ุงูุณุนูุฏูู ุฒูุงู <>ูุน ุงู ุงูุณุนูุฏูู ููุตุฑ ูุชุฃูุฑูุด ุนูู ุจุนุถ ุงุจุฏุง ุงููู ูุง ุฌูุงู ูุง ุญูุงุฑ ูุชุฃูุฑูุงุด ุนูู ุจุนุถ ุงูุดูุฎ ุงูุดุนุฑุงูู ูุงู ููููุนุด ูุนุทู ุฏูุฑูุง ูุณุนูุฏูู ูุงููุง ูุจูุชูุง ูุงุฎูุชูุง ูุงูููุง <>ููู ูุทุฑู ุชุฃูุฑุช ููุงูุช ุชููุฏ ุนูููุงุช ุงุบุช,1
#ุงูุงูููููุฏุฑ<>ููุง ูุง ูุงุฌุฏู ูุง ูุณุฎู ุจุฑู ๐๐๐๐<>ูููุด ุฌูุงุฏ ุฌุฑูุดู ู ูุง ููุฑ ุงูุฏูู <>๐๐๐๐ ,1
@E ๐๐๐๐ ูกููู ูููุงุฑ ุฌููู ุจููุฉ ุชุญุชูุฉุ ููุงูู ูุฑุชูุฉุ ููุง ุชุฒูุฏููุง ุฅูุง ุฅุตุฑุงุฑุงู ูุง ุฎููุฉ ุงูุฃูุทุงู ูุง ูุฑุชุฒูุฉ ุงูุบุฑุจ.,1
@E @E ุงุชุธููุช ู ุงู ุงูุญูู ุงุฌูุจู ูุงูุช ูุนุฑูู ูุจุชูุณุจุด ูุน ุงู ุญูู ุงุฌูุจู ุงูููุณู ุฏู ๐๐ ุซู ุงูู ุงูููุณู ุฏู ูุชุนูุฏ ุน ุงูุฎุณุงุฑู ุนุงุฏู ุฌุฏุง ูุจูุงุฑูุงู ูุด ุงู ูุจุฏ ู ุงููู ุงูุช ุจุชูููู ุฏู ูุงุจู 5 ๐๐<>ูุจุนุฏูู ุงูุช ุจุชุฎุณุฑ ูู ุจูุฑุงููุฏุฒ ูู ุงูุงู ู ูุงู ุงุณูู ุงูุงุณููุทู ,1
@E @E ุงูุฑุฃ ูุง ุนููู ูุง ูุฏุฎูู ูุง ุนุจูุฏ ุงูุณูุทุงู ,1
@E @E @E @E ุงูููู ูุง ุดุงูู ูุง ูุนุงูู ูุณุฃูู ูุง ุฑุจ ุฃู ุชุดูู ูุชุนุงูู ุฑุงุดุฏ ุฎูููุฉ ูุชุจุฑุฃู ูู ุณููู ุจุญู ูุฐุง ุงูููู ุงููุถููุ ุงูู ุนูู ูู ุดูุฆ ูุฏูุฑ ูุชุดููู ุญูุงู ูุทุฑ ูู ุงููุฑุถ,1
@E @E ูุนุฑู ุงููู ูุฐุง ููุงูุฏุนุณูู ุงูุง ุญูุง ูุงุฐุง ููุช ุงูุงุถู ุงููุงุถู ูุด ุงุณูู ูุจุนุฏูู ุงูุง ุฏุงุนุณู ูุดุงุฎูู ุดุฎู ููุฒูุง ูุงุณู ุงูุงุชุญุงุฏ ูุฑุงุญ ูุดุฎูู ุจูุฃุณ ุงูููู ููุตูุญูู ุงูุซุฑ ูุง ุจูู ููุฑ ูุง ูุดูุง ุชูู,1
@E @E @E ุงุฑุฌุน ูุชุงุฑูุฎู ูุชุงุฑูุฎ ููู ุงุณูุงุก ูุชุนุฑู ูู ุงููุถูุน ูุง ุงุจู ุซูุงุซู ุฏูุฑู ูุง ูุญูู,1
 @E: ุทุฑู ุชุฎุตุต ููุง ุญููุฉ ูุง ุงูุชุงููู ูุง ุงุจู ูุญุชูู ูุงุถู ู ุจูู ุงูุง ุงูุช ุชุทูุทู ุน ุฏุญุชูุง ูููุง ุงููู ููุถูู ูุนูุฒู ูุงู ุงูุช ุนุจุฏ ุชุญุช ุงููุฑุณ ๐๐โ๐ป๐โฆ,1
ุดูุชุชููููู ูููููููู ุงูุญูุงุฑู ุุุ <>ุญูุช ุงูุจุฑูู ุดูุชูุง ู ุชุณุฃููุง ุนููุง ุงูุฌูููุฑ ู ูุงุฒู ูุฑุช ู ูุงุฒู ูุทุฑุฏ ุงูู <>ู ุญุณูู ุุ ูุง ูุถูุน ุงูุช ู ููุงุชู ุงููุถูุนู ุ ููุด ูุง ุทูุนุชูุง ููุทุชู ูุน ุจูุชูุง ุ ูุง ููุงู ูุง ุดุฑููู ู ูุง ุงุนูุงูู ูุง ูุฐ ุ ุงููู ูุงุฎุฐูู ูู ุงุนูุงู ูุดูู ูุฐุฑ ููุฑู <>ุญุชู ุงูุชู ุงูููุงู ูุนูุฏูู ๐,1
 @E: ุงููู ูุง ุงุชุญุงุฏู ุงููู ูุงุฎุฐู ูุง ุฌููุฒ ููู ูุง ุญูู<>- ูุถุน ุงููุตุฑุงูู ูู ูฃู ุซุงููู,1
@E @E @E ูุญููู ูุง ุฒูุงู ูุง ุงูุงุฒูุบู ูุง ุนููู ูุทุฑ ุชูู ุนููู ูุง ุฎุงูู ููุชุฎุจ ุงููุบุฑุจ,1
@E ุนูู ุฒู ูุง ุนุจุฏ ูุง ูุฐุฑ ูุง ูุตุฎ ูุง ูุงุทู ูุง ุฌุญุด ูุฌููุน ูุง ูู ุงููุนุฌู ุงูุนุฑุจู ูู ูุฐุงุฑุฉ ุงุนุชุจุฑูู ูุถุนุชูุง ููุง ุ ุชูุจู ูุฑูุฑู,1
ูุง ูุตุฑุงูู ูุง ูุถูุน ุดูุช ูุฑููู ููู ุงูุงุชุญุงุฏ ูููุง ูุงู ุณูุก ูุจูู ุงููุจูุฑ ูุจูุฑ,1
 @E: @E ูู ุณูุฉ ูุงูุช ุทูุจ ูุง ูุจุณุฉ ูุง ูุจูุฑ ูุนูุจุงู 100 ุณูุฉ ูุงุดููููุง ุจุชููููุง โค๏ธโค๏ธ,1
ูุง ุงููุงูู ูุง ุนุฑู ูุง ูุนุฑุต ุงุญูุง ุจููุณุจ ุจู ุงูุชุญููู ูู ุชุนุฑู ุชูุณุจ ุฒุงููุง ุงุจูุง ุงูุณุจ ูุง <>ุงุจู ุฎูุณู ูุงููุจ ๐๐<>#ุงูุฒูุงููุญุณูููุงุบุงุฏูุฑ,1
@E @E @E ูุง ุทุญูุจ ูุง ุถูุฏุน๐ธ๐ธ๐ธ๐ธ๐ธ .. ูุฑููู ูู ุงูุถู ูุณุชููุงุชู ุญูู 4 ุจุทููุงุช ุงุฎุฑ 10 ุณููู <> ูุงูุงุชุญุงุฏ ูู ุงุณูุก ูุณุชููุงุชู ุญูู 4 ุจุทููุงุช <>ููููููููููููููููููููููููู ุดูุช ูุง ุตุบูุฑ ุฌุฏุฉ,1
 @E: ูู ุงูุฒุจุงูู ูุฏุฉ..ูุงุฒู ูุง ุชูููุช ูุง ุชุญููู..<>ุงูุงู ูุนูู ููุงุฎุฏ ุงููุฑูุฒ ุงูุชุงูู ุจูุฌููุฏู.ุ! #ุงุณูุงุนูููููููุชูููุฎุชูุท,1
ุงูููููููููู ูุง ุฎุฏูู ูุง ูุถูุน ูุง ูุงุจุท ูุง ุงุจู ุงูููุจ<> #ุงูุงุชุญุงุฏุงููุตุฑ,1
@E @E @E ููุง ุงูุช ุนุดุงู ุชุดุฑุญ ูุฌูุฉ ูุธุฑู ุทุจุนุง ูุงุฒู ุชูุงุฌู ุงููุณูุญูุฉ ูุง ูุณููู ูุง ุชุงุจุน ูุญูุฏ ู ุนูุฑ ุจู ุงูุฎุทุงุจ ู ุงุจู ููุจ ๐๐๐ ุจุชููุน ููุช ูุง ุฒุจุงูุฉ ุงูุงุณูุงู ุชุดุฑุญ ุจุฏูู ูุง ุชูุงุฌู. ูููุฉ ุฒูุงุฏุฉ ูุฃูุณุญ ุงูุงุฑุถ ููู ู ูู ุงูู ุจุชุชุจุนู. ุงุดุฑุญ ุจุฃุฏุจ ููุง ุงููุจ,1
@E ุฎุณุฆุชู ูุง ูุฏุงุฎูุฉ ูุง ููุงุจ ุฃูู ุงูุฏููุง ๐ฟ,1
@E ูุนูู ุงููู ุนููู ูุง ุณููู ูุง ูุชุญูุซ ูู ุงูุช ุญุชู ุชุญุฑู ูุชุญูู,1
@E ูุนูู ุงููู ูุง ุญุณู ุฒููุฑู ูุง ุงุจู ูุต ูุณุงู ูุง ุดุญุงุฐ ูุง ูุทูุฉ ุงููุฑุณ ุงูุงูุฌุงุณ.,1
 @E: ุทุจุนุง ูุฏูุง ูุชูุฏุฑ ุชุนูููุง ูุชุฎุณุฑ ุชุฃูู ุงู ุดุงุก ุงููู ุฎูุณุฉ ููุงู ูุง ูุงุฏู ุงูุฏููุฉ ูุง ูุงุณุนุฉ #ูุฏูุงูุงุฃููู,1
@E ูุง ูุตุฑู ูุง ุงุจู ุจูุถู ูุง ุทุนููู ๐คฃ๐คฃ๐คฃ๐คฃ๐คฃ๐คฃ๐คฃ๐คฃ,1
@E @E @E ูุง ุงุฎููุฉ ูุง ุงุจููุฒู ูู ูุชูู ุงุชุฑู ุณุงููุฉ ุฒุนูู ุงูุงูุฉ ุงููุฑุฏูุฉ ูุฎูู ุนูุงูุชู ุจูู ุจุฏูู ูุง ุชูุฌุฏ ูุงู ูุฐุง ุนููู ุตููููู ูู ุฒุนูู ูุทูู ูุดููุช ุชุจูู ุญุงูู ููุด ูุฑุงูุญ ุฒุงูุฏ ููุนูุฏ ุงูุช ูุณู ุชูุฌุฏุจูุณุนูุฑ ุฏุงุฆูุงู ุจุณ ููุฐูุฑู ูุฏููู ุจููุงูุฉ ุญุชู ุงู,1
@E @E ููุจุฑู ุงุฌู ุ ูุงููู ุตุจุงุญ ุฎูุฑ ุ ุงูุช ูุง ูุทุจู ูุง ูุณููู ุจุณ ุชุชููู ูุฐุง ููุตุฏู ุฅุนูุงู ูุตุฑ ูุงูุณุนูุฏูุฉ <>ูุชุจู ุชููุนูู ุงูู ุงู ุณููู ูุจ ุฏุงุนุณูููู ุฏุนุณ ููุฑ ูุจุทุงูู ูุธุงูู ุณูุจุฑูุงุฑูุช ูุฐู ูููููู ุดุจูู ููุง ุชุนุชุฑู ุงูู ูุถุนูู ุตุงูุฑ ูู ุฃุณูุง ููู ุฃุณูุง .,1
"@E , ุฃูุชู ูุง ุฎููู ุฎุฏุงููู ุงูุตูููููุฉ ู ุงููุงุณูููุฉ ุงูุนุงูููุฉ ููุณุชุฎุฏููููู ูู ุชุฏููุฑ ุงูุฃูุทุงู ูุชุฏููุฑ ุงูุฅูุณุงููุฉ<>ูุง ุนุจูุฏ ุงููุงู ูุงููุณุงุก. ูุง ุฎูุงุฑุฌ ูุง ุฎุฑูุงู ูุง ููุงุฏ ุฌูุงุฏ ุงูููุงุญ",1
 @E: #ูุณูุทุญููุชููู ููุด ุฏุงุฆูุง ูุงุดุชุงูุงุช ุถุฏ ูุทุฑ ุงูุด ุนุงููุฉ ูุฏููููุง ูุทุฑ ูููุด ุญุงุฑูุฉ ุฏูููุง ุงุฎุฑุณูุง ูุง ุณุนูุฏููู ูุง ููุงุจ ุงุณุฑุงุฆูู ูุง ูุฑโฆ,1
@E ูู ุงููุฑุดุฏ ูุงู ูุด ุญูุชุฑุดุญ ููุฑุฆุงุณุฉ ูููุจ ูู ููู ููููู ุงูุงุณุชุจู ุธูุฑ ููุง ูุงู ูู ูู ุงู ุญุงุฌู ุดูุงู ูููู ูุง ูุญูู ูุง ูุญุฑู ููุง ูุณูุช ูุง ุนู ุงูุดูุฎ,1
ุงููููุง ูุง ุฌูููุฑ ุงูุจูุงุณุชูู ูุง ูููุฏ ูุง ุนูุตุฑููู ,1
 @E: ุงุฑุฌุนู ูุง ูุณุฎุฉ ูุง ุจุชุงุนุฉ ุงูุจูููุฉ<>#ููุฎููุฏุฑุฑูุงุฒูุงูู,1
ุฃูุช ูุงูุซุงูู ูุญูุงูู ูุนููุงุฆู ุงูุฒูุงุฏูู ุฎูุงุฒูุฑ ุฏูุฑุชู ููุฒูุชู ุฏูู ุฌูุงุฑ ุจุชุญุดูุฏ ุงูุงู ุงูุงุฑูุงุจููู ุฏูุงุนุด ููููุดูุงุช ุฌูุฌููู ุงูุงุฌุฑุงููู ูุฅุฑุณุงููู ููุชู ุงุทูุงู ุงูููู ูุงูุนุฑุงู ูุณูุฑูุง ุงูุชู ุงุจูุงูุงูุฑูุงุจ ุงููู ููุญููู ูู ุงูุงุฑุถ ูุง ุณุนูุฏูู ูุง ูุชูู ุงููุณูููู ูุง ูุฌุฑููู ูุงููุงูููู ูุงุฌุจูุงุก ูุงุบุฏุงุฑูู ูุฐุงุจูู ูุนููู ุงููู ,1
@E @E ูุงููู ูู ุงูุชุงูู ุงูุง ุงูุช ูุงุดูุงูู ูุง ุงูุฎููู ูุง ูุทูุฉ ุงููุฑุณ ุงุฌู ูุง ุดูุช ุงูุฎูุฑ ุงูุง ูู ุงูุฑุงู ุงููุฌูุณูู ุดูู ุดุนุจู ููู ูุนูู ุงูุงู ุงูุซุฑ ูู ุฎูุณู ููููู ูุณูู ูุชูุงุฌุฏูู ูู ุงูุณุนูุฏูู ูููู ูู ุงูุชูุฏูุฑ ูุงูุงุญุชุฑุงู ููุตุฑููู ุนูู ุนูุงุฆููู ูู ุงูููู ููู ุงูุฎูุฑ ุช,1
ููููู ูุง ุชุฑููู ููููู ูุง ุดูุจูุฑ ุชุงุฑูุฎูุง ููู ุฌู ุจุงูุชุฒููุฑ,1
ููููุง #ุตุฏุงุฑูุจุณ ูุง ุนูุฑููู ูุง ุงูุงุชุญุงุฏ ููุฒู ุน ุตุบูุฑ ุงูุฑูุงุถ ๐๐๐๐๐,1
 @E: ูุง ุจูุงูู ูุง ุจูุงูู ููุง ุงูุงููู ุจูุฑูุจ ูุด ุจููุฒู ูุงููู <>#ููุฎููุฏุฑุฑูุงุฒูุงูู,1
ูุงููู ุงููุญูู ูุง ููุฑุงุฑู ูุง ุธุฑูู ูุง ููู ุงูุชูุงุนุจ ุจุงูุฃููุงุธ ุงูุนุฏ ููู ุญูุฏุงููู,1
@E @E ุญุถุงุฑุฉ ุงูุชุฃูุฑ ุนูู ุงูุดุนูุจ ุงูุญุฑุฉ ู ุงูุฑููุน ุชุญุช ูุนุงู ุงููุงููุง ู ูุชููุงูู ูุง ูุฑูุฏูุง ูุง ุงุนุฑุงุจ ูุง ุณูุงูุฉ ูุณูููุฉ ุงููุฐุงุจ,1
@E @E @E @E ุงูุฎูุงูู ูุงูุบุฏุฑ ูุงูุนูุงูู ูู ุฎุตุงููู ูุญู ูู ุญุงุฑุจ ุงูุฎููู ูุฏูุงุนุด ูุงูุนููุงุก ูุฏุนุณูุง ุฑุงุณูู ูุฏุญุฑูุง ุงุณูุงุฏูู ุงูุตูุงููู ูุงูุงุฑูุจููู ุชุถุญ ุฌูุฏ ูู ุณุงุนุฏ ุงูุฏูุงุนุด ูุตูุงููู ููู ุญุงุฑุจูู ูุง ุชุฒุงูุฏ ุนูููุง ุชุงุฑูุฎูู ูุชููู ุนู ุบุฏุฑูู ูุฎูุงู,1
ุน ููุฑุฉ ูู ุงูุญุฑูุฉ ุชุนุชุจุฑ ููุทุฉ ูุตุงูุญ ุฃููุฑ ูุทุฑ ูู ุงูุนูุณ ูุง ุงุฐููุงุก ูุง ุนุจูุฏ ุงูุฑููุง ูุชุฑุงูุจ ๐๐ #ุชุฑูุจูุฑูุถุงุณุชูุจุงูุชููู,1
ูุง ูุงูุดุณุชุฑ ูุง ุงุจู ุงููุณุฎุฉ ูุนูู ุงุฑูุญ ุงุถุญู ุนูู ุจุชูุน ุฌุงุณุงูุง ุงูุณุจุจ ุงุฌู ุงูุงููู ูุจุณุช ุงูุชุนุงุฏู,1
ูุง ุชุนุงูู ูุง ุฒู ุดู ูู ุญู ุนุงุฏ ุนุซุฑุชูุง ู ูุฒุช ุนูููุง ุณูุชูุง ุงูุญูู ุฏูุฑ ุงูููุงู ุชููุฒ ุนูููู ูุงูุฒู ุณูุนุช ุ!!!! <>ู ุจุนุฏูู ุงูุช ูุง ุงูุดุจุงุจ ุดู ูู ุตุฑูู ุฑุฆูุณูู ูููู ูุง ุงุญุฏ ูุงุฎุฐูุง ุฑุงูุญ ุฌุงู ุตุญูุญ ุงููุตุฑ ุงุฎุฐูู ุจุณ ุนุงุฏ ุงูููุงู ูุง ูุงุฎุฐูู ูุด ุฐุง ุงูุนุงุฑ ุุุ ูู ุงูุฌูุฑุงู ูุตูุนููู ู ููุดูู ุ <>ุงูุงุชูุงู ูู ุฒู,1
@E ููุณ ุงูุญุฑูุงุช ูุงูุฑูุณ ูุนููุง ุฌูุด ุงูุณูุณู ูู ุจุฏู ุณููุงุก <>ููุนููุง ุฌูุด ุจุดุงุฑุงููุงูุฑ ุงูุนููู ูู ุงูู ุณูุฑูุฉ ...<>ุงููู ูุฑุญูู ูุง ุดููุฏ ูุง ุงุฏูุจ ูุงุนุงูู <>ูุงุณูุฏ ูุทุจ ุงูุณู ุจุงููู ุตุฏูุช ,1
@E ูุง ุญูุงุฑ ูุง ุซูุฑ ูุง ุทุงูููุุ ุณุงูู ุฅุจู ุงููุงุฏู ุงููุถูุนุุ ู ุงูุฃุณุทูุฑู ูุงุฌุฏ ูุงููุชูู ููุุ ููุงูู ุญุถูุฑ ูุงุฌุฏ ูู ุฏุงูุน ูุทูู ูููุณ ุชูุดูุฎ ุฒู ุจุงูุงุจุฑ ุญูู.,1
@E ุญุงู ุฃู ุงูุฏููุง ุฃูุถู ูู ุญุงู ุนุจูุฏ ุงูุฑููุฉ ููุฏ ููุฒุฉ ุงูุดุฑููุฉ ุงูุนูููุฉ.<>ูุง ุชุชุญุฏุซ ุนู ุฃู ุงูุฏููุง ูุง ูุฌู ุงูุจุฑุต ูุง ุนุจุฏ ูุง ุชุฑุจูุฉ ุงููุนูุฒ.,1
ุฑุจูุง ูุญุฑูู ูู ูุงุฑ ุฌููู ูุง ุงุฎูุงูุฌู ูุง ุงุฑูุงุจู .. ุฃููู ,1
@E ูุฐุง ุฐูุจ ูุตุฑ ูุง ุชุฑููุง ูุง ุฃูุณุฎ ุงูุจุดุฑ ุฃูุชู ููุทุฑ ุงููุณุฎู ูุฅูุฑุงู ุงูุฒุจุงูุฉ ูุง ุนุจูุฏ ูุฅุณุฑุงุฆูู ุฃุฎุฐูู ุงููู ุฃุฎุฐ ุนุฒูุฒ ููุชุฏุฑ ูุงุงุงุงุงุงุงุงุงุงุงุงุงุงุงุงุงุงุงุงุงุงุงุงุงุงุงุงุงุงุงุฑุจ ุงูุนุงูููู ุขููู,1
@E @E ููู ูุงู ูููุฉ ุฑุงุฌูุ ูุง ุฏู ุงููุตูุจุฉ ูุง ูุนุงุฐ ุงูุช ูุง ุชุนุจุชุด ูู ุงููุฏุจุ ูุงูู ุงูุช ููุงู ุงูุฑุฌุงูุฉ ุ ุงูุช ูุฏู ูุณุชูุจูู ุจูู ูู ุฎุทุฑ .. ุฎูููุฉ ุงูุดูุงุฐ ูููู ุงูู ุฏูููุชูุ ูุฑุดุฏู ูุนูู ุงููุ ูุดู ูุฏูููุ,1
@E ุนูููู ูุนูู ุงููู ู ูููุฏูู ูุง ุฎุจูุซู ูุง ุนุฏูู ุงูุงุณูุงู ุงุณุงู ุงููู ุงู ูุนุฌู ูู ููููู ู ูุงุณุฏู,1
@E ููุฒุนูุง ูุงุฏุชูู ุงุฒุงูุุ ุงุบุชูุงููู ูุซูุงุุ ุฎูุงููู ูุน ุฌููุด ุนุฑุจูุฉ ูุจุณุชูู ููุงุจ ุงููู ูุด ููุงูุฉ ุงุฏููู ุงููู ุชุชุดู ูููุซุฉ ุจุฏูุงุก ุงุทูุงุฑ ูุตุฑ ุถุจุงุท ูุตุฑ ุดุฑูุงุก ูุตุฑ ูุงุฒุงูุช ููุงุจูู ุชูุจุญ ุถุฏ ุฌููุด ุงูุนุฑุจ ูุง ุจูุฑ ูุง ุฎุฑูุงู ุดุนูุจ ุงูุนุฑุจ ุฏุงุณุชูู ุจุงูุฌุฒู ูุจู ุจูุงุฏุงุช ุงูุฌููุด,1
@E @E @E ุจุณ ูุง ุนุฑุต ุงุญูุง ูู ูุต ุงูููุงุฆู ู ุงูุช ุจุฑู ุจุงูุฎูุณุฉ ูุง ุฌุฒุก ูู ุงููุธุงู ูุง ูุงุฏู ููุงุฏ ุงูุญุฑุงู ู ุงุณุฃู ุงุฒุงุฑู,1
@E ๐๐๐ ูุนูู ุงูุนูููู ุงููู ููุญุชูุง ูุจูุฑู ูุชูุดุจ ูู ุงููุชุญู ูุซุจุช ุนูููุง ุงูุฒูู ูุงููู ููุญุชูุง ุตุบูุฑู ููุณูู ุนุจูุฑูุง ุจุฑูุฆู ูุนูุฉ ุงููู ุนูููู ูุง ุนูููุฉ ุณูุฑูุง ุงูุงูุฌุงุณ ูุง ููุงุฑ ูุง ูุดุฑููู ูุงููู ูู ุงูุนุงุฑ ุงู ุชุญูููู ุงูุฃุบูุจูู ุงูุณููู ูุนููุฏ,1
@E ูุง ูุญุฑุฑ ูุง ุจููู<>ุงูุดุฑ ุฎุจุฑ ุนู #ุงูุงูุงูุบููุงููุฌุฏ<>ููุง ุจุณุทุงุฑ ุงูุนุตููู ุฏุงุนุณ ุนูู ุงุตุงุจุนู ูุซู ูุง ูุฏุนุณ ุนูู ุดูุงุฑุจ ุนุฒูู ู ุฎููู,1
@E @E ุนูู ูุฐุง ุงููุฌู ุงููุนูุฉ ุฅูู ููู ุงูุฏูู ูุง ุฃููุงุฏ ุงููุชุนุฉ ูุง ูุฌูุณ ูุง ุฃุนุฏุงุก ุงูุฅุณูุงู ูุงููุณูููู ูู ุงูุฐู ุฑุฏูู ุนู ุชุญุฑูุฑ ููุณุทูู ูู ุงูุณุนูุฏูุฉ ููุนุชูู ูุงูุง ููุงููู ููู ูุฐุจ ูุฏุฌู ูุง ุฌุจูุงุก ุฃูุชู ูุณุชู ุฑุฌุงู ุญุฑูุจ ุจุณ ุดุงุทุฑูู ูู ุจูุน ุงูููุงู,1
@E @E @E ูุฐู ุญูููุฉ ูุง ูููู ูุง ูุฑูุถ ูุง ุชุงูู ูุง ุขูุนุฉ ุตุงุฑ ูููุง ุจูุบุงุฒู ููููููููููููููููููููููู ูุง ุตุญ ูุฌูู ูุง ุดูุงูุทู ูููู ุญุชุนูุดู ุงูุงู ุณูุฏู ูุง ุฎููุฉ ูุง ุนููุงุก ุจุนุชู ุงูุจูุงุฏ ุจุงูุฑุฎูุต ุงูุนุงุฑ ุงุทูู ูู ุงูุนูุฑ ูุง ุณุฐุฌ ูุง ุฒูุฒุงูุฉ ูุทุฑ ู ุชุฑููุง ู ุจุฑ,1
 @E: @E @E @E @E ุชุตุจุญูู ุนูู ุฎูุฑ ูุง ุตููููู ูุง ูุฑุงูุทุฉ ูุง ุนูุงู ุงููุชุนุฉ ,1
@E ูุง ุฑุงุฌู ูุง ุนุฑุต ุ ูุง ููุจ ููุฒู,1
@E @E @E ูุง ุชุถุญู ุฎุฐูู ุชููู ุนูู ูุฌูู ูุญุฑู ูู ููุง ูุง ููุงู ูุง ุฎุงุฏู ุงููุฑุณ ุงูุฃุฌุฑุจ ๐คฃ๐ฆ,1
 @E: ุตุจุงุญูู ูุจุงุฑูุฉ ูุง ุนุฑูุณู @E <>ุงุฎุจุงุฑู ุงูู ูุงููู ูุจุชูุฒูุด ูู ุงูุตุฏุงุฑู ูุง ูุฑูุฒ ุชุงูุช ูุง ูุญุด ุฃูุฑูููุง ูุง ุจุชุงุน ุงูุฎูุณู ูุง ุญุตุงูู ุงูโฆ,1
@E ุงุฐุง ูุงู ุชุญุช ุงูุงูุงูู ุงูุฌุจุฑูู ููู ููุฏุฑ ูุชููู ุญุชู ูุง ุงูุฏุฑ ูุฌูุจ ุฎุทุงุจ ูุงุจูุงุก ุงูุดุนุจ ุงููููู ุนู ูุชู ูุงูุฏูู ุงูุชู ูุง ุนูุงู ููุฒู ู ูุง ุญุฑูู ุงูุณูุทุงู ูุง ุนูุงู ุงุฑุฏูุบุงู ูุง ุนูุงู ูุณุนุฏู ุชุดููู ุญููู ุฑุฏ ุงูุณููุฑ ุงุญูุฏ ุนูู ูุงูู ูุง ุงูุฑุงุถ ุงููููุณ ุงุญูุฏ ุนูู ูุงูููุฑ ูููู ููุง ,1
@E ูุนูู ููุจุท ุนุดุงููู ูุง ุฌุญูุท ูุง ูุนุงุชูู ุงุจู ุงููู ุนูููู ููุฑุฉ ูุจุบุงูุง ูุนุทูู ุซูุงุซ ููุงุท ุงูุชุฑุดูุญู <>ุฎูุงุต ูุง ุชุตูุญ ุจูู ุดูู ุตูุงุญ ููุงุณ ุงูููู ๐คฃ๐,1
@E @E ุจุณ ูุง ุนุจุฏ ุงูุจูุงุฏู ูุง ูุตุฑู ุงูุช ูุจุชูุซูุด ุงููุตุฑููู ุงูุงุญุฑุงุฑ ุงูุช ุจุชูุซู ุณูุฏู ุงูุณูุณู,1
ุฑุฌุน ููุจู ูุง ุงุณุจุงูู ูุง ุญููุฑ ุงูุช ,1
ุงูุญุฌุฉ ุจุงูุญุฌุฉ ูุง ููุฌู ูุง ุฑุนุงุน ุงููุงุฏู ุงุฏูู ูุงูุฑ ูู ูุนุฏ ุงููุงุฏู ุงุฏูู ูุงูุฑ ูุง ูุฎููุงุช ุงูุชุฌููุณ ุงูููุงููุฏ ุจูููุง ุงูุชุบุฑูุฏุงุช ููุณุช ููุท ุงูุช ูู ูู ูู ุนูู ุดุงููุชู #ุฎูุงูุงุนุฒูู #ุชูุธููุงูุญูุฏูู <>@E <>ูุฌูุณ ุจุงูููุงููุฏ ูุดุชู ููุฒูุฏ ุงุตูู ููุตูู <>@E <>@E <>@E <>@E,1
@E @E ูุงุฎู ูุง ุชุนุฑู ุชุณููู ุงูุช ุ ูู ูุง ุณุนูุฏู ูุง ุงุนุฑุงุจู ุชุฑุนู ุงูุบูู ู ุชุดุฑุจ ุจูู ุงูุจุนูุฑ ู ุงุฐุง ุดูุช ุณุฑุง ุชููู ูุด ูุงูููุถู ู ุงูุฎ ุงูุฎ .. ุฑุญ ุชุนูู ููู ุชุณููู ู ุชุนุงู ุจุนุฏูู ุ ู ูุง ุชุณุชุดูุฏ ุจ ุฃูุจูุงุก ุงููู ู ุฑุณูู ุจุญูุงุฑ ุชุงูู .. ูุนูู ุฅุฐุง ุฌูุช ุฃุจุบุง ุงุณูุท ุนูู ูุตุฑู ,1
@E ุจุต ูุง ุนูุณู ูุง ุตุงุญุจู ุงูุง ูุชูุฑุฌุชุด ุนุงููุณูุณู ุจุณ ูุณู ุงุณุจุงููุง,1
@E ูููููููููู ุนูุฏ ุตุฏู ูุงููู ููุนู ุงุจููู ูุฃุจู ูุฌูุณ ุนููุงุก ุจุงูุณุชุงู ูุฃุจู ููู ุนูุฏูู ูุง ุฏุฌูู ูุง ุฎููู ูุง ุงุฑูุงุจ,1
@E ุฎูุงุต ุงูุชููุชูู ูุง ุญูุซู ูุง ูุฌูุณ ุงูู ูุฒุจูุฉ ุงูุชุงุฑูุฎ ูุง ุชูุนุจู ูู ุญุงุฑุงุช ุงูุณูุงููู ุงููุงุก ูุฌุฑู ูู ุชุญุชูู ุฎูุงุต ุงูู ุงููุญุฑูู,1
 @E: @E ุงูุณุนูุฏูุฉ ุญุงุฑูุฉ ูููุจูู ูุง ุงุฎููุฌูุฉ ูุง ูุฑุชุฒูุฉ ูู ุงูุงู ุงูุฑุจูุน ุงูุนุฑุจู ูุงูู ุงูุงู ูุงูุชู ุชุชุงูุฑูู ุนูููุง ูุชุญุงูููู ุฒุนโฆ,1
Mood: ูุง ุฎูุจุชู ูุง ูุฑูุณุงุ ูุง ููุณุชู ูุง ูุฑูุณุง,1
ุฑุณุงูู ุงูุจุฑูุงู ุงูุซุนุจุงู ูุงุถุญู <>- ูุง ุซูุงุฑ ูุง ุฃุจุทุงู โฆโฆุฃูุชู ููุด ุนุงุฑููู ุฃูุชู ููุฑ ุนููู ู ูุง ุฃููโฆุ<>- ุฃูู ุฃูู ุฃูู ุดูุฑ ุนููโฆ ุตููุฏูู ู ุซูุฑุชูู โฆุงููู ุฌุงุกุช ุจูุงุฆุฏ ุนุธูู ุฒู ุฌูุงุจู ุงูุนุงูู โฆ!<>- ุฏูููุชู ูู ุณูุฏุงูู ููุชุญ ููู ูู ุตุจุงุญ โฆุนุดุงู ุงูุนุณูุฑ. ูุนูู ููู ( ูพู ูพู )<>ู ูู ุซูุฑู ู ุฃูุชู ุทูุจูู,1
@E ุฏู ูุด ูููุงุช ุงูุงุฎูุงู ุฏู ูููุงุช ุงูุฃุญุฑุงุฑ ูุง ุนุจูุฏ ุงูุจูุงุฏู ูุง ูู ุชุฎูููู ุฏูููู ูุงูุทุงููู,1
@E @E ุฃุญุจ ุฃู ุฃุฐูุฑ ูุง ุทุญูุจู ูู ุนุงู 1408ูุงู ูุฑููู ุฃุจู ุซูุงุซู ุฏูุฑู ูุขุณูุง ุตูุฑ ูุตุงุฑุน ุนูู ุงููุจูุท ูููุง ุงููู ุซู ุจูู ูุงุฏุณ ุงูุชู ูุชุญุช ุงูููุนุจ ุฃูุงู ูุงุนุจู ุงูุทุญุงูุจ ููุงุฒ ุฃุถุนู ูุฑูู ููู ูุงุฏูู ุงููุถูุน ุงูุฃููู ููุง ุฃุญุฏ ูุนุฑู ูู ุฏูุน ุงูุฃููู ูููุงุฏุณูู ูู ููุงููู ุญุชู ูุจูู ุตุบ,1
ุฅูุทุงููุง ูููุงุงุงุงุง ุดูุชุงุงุงุงุงุงุงุงูู ูุง ูููู ูุง ููุจุฉ ๐๐๐๐๐๐<>#C #JuveAjax @E,1
@E @E @E ูุง ุฃูุง ุฃูุช ุบุจู ูุง ุฃูุง ุฃูู ุชุชุบุจู ุ ุงูุฅุณูุงู ุจุฑูุก ููู ููู ุฃูุซุงูู ูุฐุง ุฅุฐุง ููุช ูุณูู ูุบูุฑุช ุฏููู ููููุฏูุณูุฉ,1
@E ุงุฒุงู ูุง ุญููุงู ูุง ุนุฏูู ุงููุทููุฉ ูุง ุตููููู ุชุดุฌุน ุจุฑุดูููุฉ ุงูุช ุงุชูุจูุช ููุง ุงูู ุ!,1
#ุฌุนููุงููุงูุทุบูุฑููุงูุดุงูุฎ<>ุทูุงู ุงูุงุณุจูุนูู ุงูู ุฑุงุญุช ุงูููุงู ุฑุงุญ ูููููุง ูุดูู ูู ุงูุงุชุญุงุฏ ุงูุณุนูุฏู ุจูุฌุฑุฏ ูุงุฒ ุงูุงุชุญุงุฏ ุนูู ุงููุตุฑ ุงุฎุชูุช ุฌููุน ุงุญุชุฌุงุฌุงุช ุงูููุงู ูุงููู ูููุง ููู ูุงุนูุฏูู ุงูุง ุงูุตูุงุญ ููุท ๐๐๐๐ ูุง ุงููุฒ ูุง ุฏูุฑููู ููู ูุณุงุฏ ๐๐๐๐,1
@E @E ููููู ุดููู ูุชุฃุซุฑ ุจ ููุงุฉ ุงูุนุจุฑูุฉ ุงููุชุญุฏุฉ ููููุงุช ุขู ุณุนูุฏ ูุชุญุฑูููู ุงูุชุงุฑูุฎ ููููููู ุฅูู ุฌุงูุจ ุงููุญุชู ูุงููุณุชุนูุฑ ูุงูุตููุจููู ูุงูุตูุงููุฉ ุถุฏ ุงูุชุงุฑูุฎ ุงูุนุซูุงูู ุงููุดุฑู ูุง ูููุฌู ูุง ุจุนุซู ูุง ุดููุนู,1
@E @E @E ุฑุญู ุงุจูู <>ูุนุฌุจูู ุงูุนููู ุงููุธููู<>ูุนูุ <>ุชุญุช ุงุดุฑุงู ุณุนูุฏู ุฎููุฌู<>ูุจููุงุฏุฉ ุงูุณุนูุฏูุฉ ุงูุงูุนู ุงููุจุฑู<>๐ ุงูุฏูุจูุน ูุงูุญูุซู ูุงููุต ูุงุญ<>ูุนุฏูู ููุงููุตุงู ูุจุฏุก ุชูููุฐ ุงูุงูุงููู ููุนุฏูู ูุงูุดุงุก ุงูููู ุงูุงุชุญุงุฏู<><,1
@E ูุง ุฌุจูุฉ ููู ูุง ุฃูููุชู ุงูููุงุฒู<>ุจุฏูู ููู ูู ูุชุญุฑุฑ ุงุจุฏุง ูู ุฑุฌุณ ุงูุญูุซู<>ูููุฉ ูุนุดุฑ ุณูุงุก ุชุณูุท ูู ุงูุจูุฏุงู ุงุฐุง ุณูุทุช ุงูุนุงุตูุฉ<>ุงูุญูุซู ุงุณูุท ุตูุนุงุก ููุง ุชู ุจุนุฏูุง ูุงู ุฑุชูุด ููู ุงูุงู ูุงู ูุตู ูุนุฏู<>ุชุฌููุฏ ุฌุจูุฉ ููู ูู ุงูุจุฑ ุฎูุงูุฉ ููู ููู ุฎูู ุงููุงููุง ูู ุนุฏูู,1
ุฃููุฏ ูุด ุฃูุจุฑ ูู ุงูุตูุฑ ุงููู ุทูุน ุจูู ุงูุฃููู ูุง ุงุจู ุฎูุณู ูุง ุฎุฑู ,1
ุฑุณููุง ุงุนุชุฒุงู ูุงุนุจูุง ุงูุณุงุจู ( ููุณู ุจู ุนููู ) ูุฑุฉ ุงููุฏู ููุงุฆูุง .. <>ุญุธุง ููููุง ูุฃูุช ูู ุทุฑููู ุฅูู ุงูุฌุญูู ูุง ูุญุชููู ูุง ูุชูุฉ ุงูุฃุทูุงู ,1
which is more ticklish: your ribs or your feet? โ ุดุงูู ุงูุงุณุฆูู ูุง ุฎููุฌู ูุง ูุนูู ๐๐<>ูุงููู ููุง ูุนููุชุด ููุงุฑูุฉ ุจุณ ูููู ูุจูู ูุดูู ุงูููุถูุน ุฏู ุจุนุฏูู ูุนูู ๏นกูุธุฑู ุญูุฏู ุงููุฒูุฑ๏นก ,1
@E ุจุณ ูุง ุนููุงุก ูุง ูุชุนุตุจ ุงูุช ูุงุฎุฏ ุฒู ูุง ุจุชุงุฎุฏ ุนูู ุทูู ุนูู ุงูุฌุฑูุดู ูุงูุจูุง ููู ุฑุงุฌู ูู ุจูู ุฎูู ููุจ ุงููุธุงู ุงูุฎุทูุจ ูุทุงูุจ ุจุญูุงู ุฃุฌุงูุจ ููู ูุงุชุดุชุง ุงูุฏูุฑู ูู ูููุฒูุงูู ููุจูุฑููุฏุฒ ูุดูู ุงูุฃููู ููุฎูุต ูู ุงููุฑูุฒ ุงููุงู,1
"@E @E ูููุงุฐุง ุชุงุฎุฐ ุนููู ุงูู ุฏูู ๐คุงูููุงุทุนุฉ ูุงููู ูุนูู ุงููุง ูุง ุชุฃุชู ุงูุง ุจูู ูุฐุจ ูุชุฏููุณ ููุชู ""ุงุญุฑููู ุงููู ูุง ุฌุฒูุฑุฉ ูุง ุฎูุฒูุฑุฉ "" ุญุชู ููุงูู ุจุฏุฃ ุจูุฐุจุฉ ""ุงูุญุตุงุฑ"" ููุด ุจุงุจุง ุนูุฏูู ุชุฑููุง ู ุนูุฏูู ุงูุฑุงู ุงููุฑูู ุทูุจุฉ",1
 @E: ูุง ุณููู ูุง ุฃูุจู ูุง ุนุจูุท ุงูุฏููุฉ ุงููุฏููุฉ ุจุชุถูู ุญุฑูุฉ ุงูุฅุนุชูุงุฏ ูุงูุนุจุงุฏุฉ ูุชููุน ูุฑุถ ุนููุฏู ุฃู ุนุจุงุฏุฉ ูุนููู ุนููู ูุนูู ุบูุฑู .. ู ุฃโฆ,1
ุชููู ูุง ุจูุจ ูุง ุงุนุธู ูุฏุฑุจ ุงูุฏูุฑู ูุงูุณูู ูุง ูุฑูุญ ุนููู ุงูู ูู ุงูุงุจุทุงู ุงูุฏูุฑู ูุง ูุฑูุญ ูููุงุจ ูููุฑุจูู,1
@E ูุงูุช ูุง ุจุบู ูุง ุงุจู ุงูุจุบู ูุงู ุงูู ููุงู ูุตุฑ ุ ุงูุช ูู ูุทูุน ุงูุฎุฑูุงู ูุงูุฎููุฉ ูุงููุงุฌูุฑูู ุงููู ูุด ูุฑุงูู ุงูุง ุชุฏููุฑ ูุฎุฑุงุจ ุงูุจูุงุฏ ูุงูุนุจุงุฏ ...๐ซ,1
@E ุงูู ุฌููู ูุง ุงุนุฏุงุก ุงูุงุณูุงู ูุง ุฎููู ูุง ุนููุงุก ูุง ูู ููุงุกูู ููุนุฌู ูุงูุฑุงู,1
@E @E ููุถุญ ุนุฑุถู ูุง ุนุฒูู ูุง ุญูุงุฑ<>ุฎูุงุงุงุต ูุงุบุจู<>ุนุงุฑููู ุฌุฑุงูุฏู ู ุฌูุนูุงุชู ู ุชูุธููุงุชู<>ุฎูุงุต ูุง ุจููู ูุง ุตููููู<>ุงูุง ุดุจู ูุชุฃูุฏ ุงู ุงุณุฑุงุฆูู ุทุฑุฏุชู ูู ุซูุงุฑุชู<>ููุนู ุดูุงุฑุจู ุงููู ูุฃููุง ููุน ุตุฑู ุตุญู<>ูุง ุญูุงุฑ ูุง ุงุจู ุงูุญููุฑ,1
@E ุงููุฏ ุงูุช ููุณ ุทููู ุฑูุฒ ุนูู ุงููุถูุฉ ูุงูุฃุฑุถ ุงููุญุชูุฉ ูุง ูุชููู ูุง ูุฑุชุฒู ุงูููู ุจุฏู ุชุญูู ูุจุฏู ุชูุจุถ ุตุญ ููุงุ,1
 @E: ูุง ุฒุจุงูู ูุง ูุงูุฌุฉ ูุง ุจุชุงุน ุงูุฎูุงูุฌุฉ ุชุญูุฉ ุงูู ูู ุจูุงุต ุฒูุงููุงูู ุญูุงู ุญูุงู ูููู ุญุฑุงู ูุบูุฑูู ูุฎุฑุฌููู ุญูุงู ูููู ุญุฑุงู ูุบูุฑูู ุงูโฆ,1
@E ูุงุจู 5 ๐คฃ๐๐คฃ๐๐คฃ๐๐คฃ๐๐คฃ๐๐คฃ ูุง ุฐุจูุญุฉ ุงูุชุนุงูู๐คฃ๐๐คฃ๐๐คฃ๐ ูุง ูุฏุงุฏ ุงุณูุง ๐คฃ๐๐คฃ๐๐คฃ๐ ูุง ุญููุฑ ุขุณูุง ๐คฃ๐๐คฃ๐๐คฃ๐คฃ๐ ูุง ูุญูุฏ ุงููุฑู๐คฃ๐๐คฃ๐๐คฃ๐,1
ูุง ุตููู ูุง ุฒู ุฎูุต ูุน ุงูุญุจ ุจุณุฑุนุฉ ููุจู ูุงุบุฒูู ุงููู ุตุงุฑ ูุจุบุงู ๐ ,1
ูุงุทู ูุงุทู ูุง ุญุฑุงููู ุงูุณุงุนุงุช ูุง ูุงุฏู ูุงุฌุฏู ุงููุจุงุฏุฆ ๐๐๐๐๐ ,1
@E @E ุงูุช ูุด ุฏุฎูู ุงูุญูู ุตุงุฑ ุฌูููุฑ ุงูุงุชุญุงุฏ ุงุฑูู ุจุนุฏ ุณุงููุฉ ููุฌูุฑูุง ูุง ุทุงููู ูุง ูุถูุน ูุงูู ุฏุฎู ุงูุณุงููู ุจูู ุตุบูุฑ ุฌุฏู ู ุงููุตุฑ ูุง ุชุชุฏุฎู,1
ูุจุฑูู ููููุงูููู <>ูุฐู ุฌุฒุงุชู ูุง ุงูุจุทุงุญู ูุง ุฃููู <>ุชูุจุทุญ ูู ุงูุฏูุฑู ููููุงู ููู ุงูุฃุฎูุฑ ุขูุช ูุชุณุชุงูู ุงูุขูุช #ุงูููุงููุงูุงููู,1
@E ุงูููุฑูุถ ููุชุญูู ูู ุงูุจุงุจ ููุญุชูููู ูุนุงู ุจุงูููุฒ ูุง ุงูููุฑุงูู ูุง ูุงุฑ ูุฌุฏ ,1
@E ูุทุฑ ูุง ุงุฎู ุงูููุจ ูุง ุงุจู ุงูุนููู ุชูู ุนููู,1
#ุงูููุงููุงูุงููู<>#ูุงุณุฒุงูุฏููุงูุฏููุงูุงุจุทุงู <>ูุง ููุช ูุงูููุงู ุงูุง ููุนุฑูุชู ุจุดุฎุตูุฉ ุงูููุงู ุงูุนุธููุฉ ููุงุจู ูุงุฏู ูุง ูููู ุงู ุดุฎุตูุฉ ุณูุงุก ุงูู ุญูุงุฑ ุจุณุฑุฌ ูุฐูุจ <>ูุจุฑูู ูุง ุฒุนูู ูุจุฑูู ูุง ูุฎุฑ ุงูุนุฑุจ ,1
ุงูุชุนููู ุงูุงูู ุฎุถูุฑ ูู ุงูุนุฑุงู<>ูุฐุง ุนูุฑ ุงุจู ุงูุฎุทุงุจ ุงุบุชุตุจ ุงูุฎูุงูู ููุง ูุณุชุญููุง ูุงูุชู ุงูุณูู ููุงุตุจ<>ูุฌุงุก ุงูุฑุฏ ูู ููุตู ูู ุงูุณุนูุฏูู<>ุงููุฏ ุณูุฏูุง ุนูุฑ ุงุญู ูุงูุช ูุง ุนุฑุงูู ูุง ุฑุงูุถู ูุง ูุงูุฑ ุฃุดุฏ ุนุฏุงุก ูุฃูู ุงูุณูู ูู ุงููููุฏ<>ุชุจุณูุช ููุฑูุง ูุดุฑุจุช ูุฃุณูุง ุงูุซุงูู<>ุชุนููู ุขุฎุฑ ูู ุดุงุจ ูุตุฑู<>ูุฏู ุจุฏูุง ููุงู ูุฐุง,1
@E ุงูุดุงุก ุงููู ูุชุชุบูุจู ูฅ ุฒููู ูุง ุงููุงูู ูุง ููุงูู ูุง ุญุฑุงูู.. ูุง ุงุจู ุฏู ุฒูุฎ,1
@E @E ูุง ูุฒุงุฑุน ูุง ููุงุญ ูุงูู ููู ุดูุงูุฑ ุงูุตูุงูุนูุฉ,1
 @E: ุงูุงููุงููุฉ ุงููู ุจุชููู ูุง ุณุงูุชูู ูุง ุจูุณููุง ุนูู ููุณูู. ุงูุง ุงููุฑุงููู ูุณุชุงูููุง ุญุฑู ุฏููู #ูุนุฑููุฉ,1
" @E: ุขููุฉ ุฏู ุชุจูุง ุฃูู ูุง ุฏูุฏุฑูุงู ูุง ูุชุญุฑุด .. <>ุงุณุฑุงุฆูู ุขููุฉ ููุณุชูุฑุฉ ููุฒุฏูุฑุฉ ูุงู ูุนูุฏูุงุด "" ุงุฎูุงู "" <>ููู ุนูุฏูู ""ุตูุงููุฉ"" ูุชูุฉ ุงูุงุทูุงู ููโฆ",1
ูุง ุงููููู ูุง ูุญุจู ูุง ูุงุณุฏ ุงุณุชุบูุงูู ูุฏูู ู ูุณุงุฏ ุจุงุณู ุงูุฏูู ู ุงุณุชุบูุงูู ุงููุตุงุฆุจ ููู ูุฑุฏ ูู ุฐุง ุงููุทู ู ูู ุฐุง ุงูุดุฆู ุจุชุฏูุน ูุฐุซูู ุบูุทุงุชู ุจุงูุบุงูู ู ุนูุฏ ุฑุฌูู ุชุฌุงููู ูุนุจุฏ ูุซูู ูุง ูุนูู ุนุฌุฒู ุนูู ู ุณููุงู ุงูู ุชููู ู ุชุนุดู ููู ูู ูุนุฑู ุงูู ูุจ ุจุญุงุฌุชู ู ูุทูุน ู ุณุชุบู ุงูููุงู ูู ูุง ูู,1
ูุง ุณุจุงู ูุง ุญุญุญูุงุฑ ุบูุฑ ุณุงููุบู ุงููุฒูุฑูู,1
@E @E ุทูุจ ูู ุฏุฎู ุงูุฑููุง ูุงู ูู ุงูุถุฑุงูุจ .. ู ูุง ุฏุฎู ุฃููุงููุง ูุงู ูู ุงูุถุฑุงูุจ .... ุงูุช ุจุจุณุงุทุฉ ูุฑููุจ ูู ุงูุงุฎูุงู ู ุจุชุฑุฏุฏ ููุงููู ุจุฌูู ูุง ุงุจู ุฌูู ูุง ุงูุง ูุณุงุฑุฌู ูุนูู ู ุจุฑุถุฉ ูุฑููุจ ูุง ุงูุง ูููุฌู ู ูุฑููุจ ... ู ุงูุฐูู ูู ุงูุงุฑุถ ููู ุงูุช ุงูุง ุงุญูุง ูููุง ุงูุนุฒ,1
@E @E @E ุงูุฌูุน ูู ูุง ุฃูุชู ููู ูุง ุชุนูุณู ูุง ููุจ ูุตููู ูุฃูู ูู ุงูููุงูุฉ ูุงููุตู ุงูุจุงูู ูุฌุฑู ูุฑุงุก ุงูุถุจ ูู ุงูุตุญุงุฑู ูุจุญ ุงููู ุณุนูู ูุง ุชุนูุณู ูุง ุดุงุฑุจ ุจูู ุงูุจุนูุฑ,1
@E ูุง ุฎุงูู ูุง ุจุงูุน ุงุฑุถู ูุง ุฌุงูู ุงูุฏูุฑ ุนูู ุชููู ูุจุนุฏูู ุฑูุญ ุดูู ูุงูุฏุชู ูุงุฎูุงุชู ุงูุจูุงุช ุงููู ุจูุดุชุบูู ุฎุฏู ุนูุฏ ุงููููุฏ ูุง ุฎุงูู ูุด ุนุงูุฒุฉ ุงุงููู ุจูุดุชุบูู ุงูู ููุงู ุนุดุงู ุงูุง ูุตุฑูุฉ ูุญุชุฑูุฉ ุจูุฏู ุงุญุณู ููู ููู ุงููู ููููู ูุฑุฉ ูุงุญุณู ูู ูุทุฑุงุฆูู ุงููู ุจุชุดุชุบู ุนูุฏูู ูุง ,1
#ุงูุฒูุงููุญุณูููุงุบุงุฏูุฑ ูุง ุฌููุงูู ูุง ุญูุงุฑ ูุดููุชุด ุงููุฏู ุงูุตุญูุญ ุงูููุบู ูุงุจุฑุงููู ุญุณู,1
@E ูุคูุงุก ุฎููุฉ ู ุงูุช ูุง ูุฑูุณุง ูุง ูุฌุฑูุฉ ูุง ุชุชุฏุฎููุง ูู ุดุคูู ุงูุณูุฏุงูููู <>ุชุณูุท ุงูุญูููุฉ ุงูุนุณูุฑูุฉ <>ูู ูุณูุท ุจุนุฏ <>ูุง ูุชุฏุฎู ุงููุฌุชูุน ุงูุฏููู,1
ุดูุฑุงู ูุง ุงุชุญุงุฏ ุดูุฑุงู ูุง ูุจูุฑ ูุฒูุชู ุตุบูุฑ ุงูุฑูุงุถ ูุญุฑูุชููู ูู ุงูุตุฏุงุฑู ูุฑุฌุนุช ุงูุตุฏุงุฑู ููููุงู ุดูุฑุงู ูุง ูููุฏูุงูู ๐๐. ,1
ูุนูุด ูุง ููุงููุช ูุง ุจุชูุน ุงูุฎูุณุฉ ุณูุฑูุงูู ูุนุงูุง,1
@E ูุง ุนุจุฑูุฉ ูุง ุงูุชูุง ุงูุนุงูุฑุฉ ููู ุฃุณุฑ ูุฑุชุฒูุฉ ุญูุชุฑ ุซู ุงุฏุนู ูุฐุง ุงููุฐุจ,1
@E ุฏุจู ูู ุงููููุง ุชุจุทุญ ูุง ูุชุจุทุญ ูุง ูุจูุญุ ุงูุฌูุฏู ุงูุณูุฏุงูู ูู ุงูุฑุฌู ุงููุญูุฏ ุงูุฐู ุซุจุช ุฃูุงู ุงูุญูุซู ูุง ุชุงููุ ููููุงู ููุตู ุงูุญูุซู ูุฏุจู,1
ุงููููุง ูุง ูุตุฑุงููุฉ ูุง ุนูุงู ุงูููุจ<>ูุชุตุฏุฑ ูุง ุชููููู <>ุตุฏุงุฑุฉ ุจุณ ุตุฏุงุฑุฉ ุจุณ ๐ญ๐๐๐๐๐๐๐๐๐๐๐<> #ุงูุงุชุญุงุฏุงููุตุฑ,1
 @E: @E ูุด ุฑุงูู ูุบูู ูู ุงุนููุฉ ุดูุฏู ูุง ุดูุฏู ูุง ุดูุฏู ุงูุชุจู ุชุญุท ุฑุงุณู ุจุฑุงุณ ุฌูููุฑ ุงูุนุงููู ูุงููู ูุฎูููู ูุซู ุงููุฌููู ุชููู ููโฆ,1
 @E: ูุนูู ุงูุงููู ูุงูุน ููููุณ ููููุงุฑ ุชูุฌู ุงูุช ูุชูุนุจู ููุณู ูุง ูุฎุชู ูุง ุงุจู ููู ุงูุงุญุงุจู ุฑุจูุง ููุชูู ููู<>#ุงุฏุนูุฌุฑูุณ,1
@E @E @E @E ุนูููุง ุงูุฏุนุงุก ูุนูู ุงููู ุงูุฅุฌุงุจุฉ ูุง ุฎูุฒูุฑุ ูุง ุงููู ูุง ุฌุจุงุฑ ูุง ููุงุฑ ูู ูุฐุง ุงูููู ุงููุจุงุฑู ุงูุตู ุธูุฑ ุขู ุณุนูุฏ ูุฏูุฑ ููููู ูุงุฎุฒููู ูุฃุชุจุงุนูู ูู ุงูุฏุงุฑูู!,1
 @E: #ุฏุณุชูุฑููุจุงุทูุนูุดุงู <>ุงู ูุง ุจูุงุฏูุง ูุง ุชููุฉ ูุง ูุณูุฉ<>ุณุฑูููู ุจุชูุน ุงูุนุณูุฑูุฉ,1
@E @E ูุนูู ูุฑุชุถู ุญููุุ<>ุงููุง ุฃุดูุงุก ูุง ุชุดุชุฑู ูุง ุนุฒูุฒู ูุง ุชุงุฎุฏู ููู ูุง ุชุณูุจู ููู ูุชูููู ูู ุงููู ูููุน ูุจูู ุงูุช ูุคูุฏ ูููุฐุงุฑุฉ ูุงูุณูุงูุฉ ูุงูุงูุญุทุงุท ุงูุงุฎูุงูู ุงูุบูุฑ ููุฌูุฏ ูู ุงู ููุงู ูู ุงูุนุงูู ููู ุงูุง ูู ุงูุฒูุงูู<>ุดููุช ูู ููุฏูู ูุจู ูุงุชุด ุญุณ,1
@E ุณุจุญุงู ุงููู ูู ูุซุฑ ุงุฎุชูุงุท ุจุงูุญููุงูุงุช ุตุฑุช ุชุฌูุฏ ุงุตูุงุชูู<>ุณูุนูู ุตูุงุญู ูุง ูููุท ูุง ุนุจุฏ ุงููุฑุณ ุงูุช ููู ูู ุนูู ุดุงููุชู,1
@E @E ูุงู ููุตุฏ ุจุงูุดูููุฉ ุงููุจุฑูุููู ูุฌุน ุงูุฑุงุณ ูุงูุถุง ุ ุงูุณุนูุฏูุฉุ ุจุงูุงูุนู ุงููุจุฑู<>ูุงูู ูุนูู ุงู ุงูุณุนูุฏูุฉ ูุง ุงูุงู ููุง ูุงููุง ุฏููุฉ ูุณุชุนูุฑุฉ ุงุฑููููุง ูุจุฑูุทุงููุง<>ูุงู ุงู ุณุนูุฏ ุจูุงูุง ูุถูุงุช ุงููููุฏ ููุณูุง ุงูุง ุนุจูุฏ ูุฏู ุงูุฑููุง ูุจุฑูุทุงููุง<>ุฑุญู,1
@E ุงูุช ุดูู ูุง ุงููุงุฑุจ ูุฐููุง ุฑุฌุงู ููุชุฎุฑ ูููู ูู ูุซูู ุงูุช ูุง ุฐูุจ ุฅูุฑุงู ูุง ุนููู ูุง ุฎุณูุณ ุงุฐูู,1
 @E: ูุณู ุงููุตุฑู ููุณู ุงูุฒูุงูู ููุณู ูู ูู ูู ุนูุงูู ุจุจูุฑุณุนูุฏ ูุงูุฃููู ุฑูุจ ุงูุฏูุฑู ูุง ุดููู ุฎููุงุช ูุง ุฏูุฑู ูููููุด ุฑุงุฌู,1
@E ููู ุงูุงูุชุตุงุฑุงุช ูุฐู ูุง ูุฐุงุจ ูุง ุฏุฌุงู ูุง ูุฑุชุฒู ูุง ุนููู ุงูุฅูุงุฑุงุช..ุ<>ุงุณูู ููู ูู ุนูู ุงูุชุตุงุฑ ูุงุญุฏ ุบูุฑ ุงููุคุงูุฑุฉ ุนูู ุงูุจูุงุฏ<>ูู ูุงุชู ุญุชู ูุตู ุฅูู ุงูุญุฏูุฏุฉ ูู ููุงุช ุฌููุจูุฉ ุฃูุง ุชุงุฑู ุญูู ูุงู ูุชุฎุจู ูุฑุงูู.,1
ุจููุงุณุจุฉ ุนูุฏ ุงููุตุญ ุงููููุฏู ูุญุจ ูููู <>ุนู ูุง ุนู ูุง ุนู <>ูุณู ููุงุฏ ุงูุนู,1
@E ุงู ุงูู ูุงุฎุฏ ููู ุงูุจุทููู ูุง ุจูุถุง ุงูู ุงูุชู ูุจุชุดุฑููุด ูููุง ุงุตูุง ูู ุณุงุนู ูุง ูุงู ุงูุญูู ุจูุตูุฑ ุจุงูุฏู ูุง ุจูุถุง ูุง ููุฌู ูุง ุจุงุนุช ุงูุฎูุงูุฌู๐๐๐๐,1
@E @E ูุณูู ูุง ููุฒ ูุง ุฅุณูุงูู ูุง ูุฐุฑ,1
@E @E ุจุงุทู. ุจุงุทู. ุจุงุทู. ุงูุณูุณู ุงูุตููููู ุงูุฎุงูู ุจุงุทู ู ุฌููุฏู ูุงุณูุณู ูุง ูุฑุนูู ูุง ุทุงุบูุฉ ุจุงุทู ู ุฏุณุชูุฑู ุจุงุทู ู ููุงูุชู ุงูุช ู ุฌููุฏู ุงูุฒุจุงูุฉ ูุฑุจุช ุงูุดุงููู,1
ุฎุฎุฎุฎุฎุฎุฎุฎุฎุฎุฎุฎุฎุฎุฎุฎุฎุฎุฎุฎุฎุฎุฎุฎุฎุฎุฎุฎุฎุฎุฎุฎุฎุฎุฎุฎุฎุฎุฎุฎุฎุฎุฎุฎุฎุฎุฎ ููู ุงูุชุณูู ุงู ููุณุฉ ุงููุฏ ูุง ุนุงูุฑ ูุง ูุฑูุถ ููุนู ูุณู ุงูุฌููุง ู ุงููู ุจููุฌู ูููุง,1
@E @E ุงูุณู ุจุงููู ุณูุฏูู ู ููุดููุฑุง ุงูุชุตุฑูุง ูุธูู ุงูุฏูุฑู ุงูุณุนูุฏู ุณูู ููุง ููุฎุต ูุนูู ุนูู ุงูู ุชุณูููู ุนูู ูุฏู ุญูุงุฉ ุงููุฑู ุงูุณุนูุฏูู ูุฐุงู ุฌุฒุก ุจุณูุท ููุท ูู ุงููู ุชุณูููู ูุง ูุบูููู ูุง ุงูุดู ูุงุฏู ูุงูุดู ุฌูููุฑ ูุงูุดู ุงุนูุงู ุงูุนุงุช ุตุฏู ูุงุณุฑ ุงููุญุทุงูู โค๏ธ,1
@E ููุง ูุง ุงุจู ุงููุณุฎู ูุง ุตููููู ูุง ููุจ,1
@E ูููุชู ุงููุทููู ุฎููุง ูุดูููุง ูุง ุดูุนู ูุง ูุซูุฑ ูููุชูู ุงุชุญุฏุงู ุชูุฒู ุจุทุงูุชู ูุง ุงูุฑุงูู ูุง ุฎุจูุซ,1
ูุจุดุฌุนุด ุญุฏ ู ุงูุฏูุฑู ุงูุณุนูุฏู ุจุณ ุงูุชู ูุง ุงุชุญุงุฏ ูุง ููุงุฏ ุงููุณุฎู ุจุชุชุบูุจู ูู ุทูุจ ุงูุงุฑุถ ุทูู ุงูููุณู ู ุจุชูุงูุณู ุน ุงููุจูุท ุฌุงูู ุชุถูุนู ุงูุตุฏุงุฑู ูู ุงููุตุฑ ูููููู ุฏูู ุบูุงุจู ูุงููู ุ <>ุจุชูุชูู ูุชุนู ุงูููุฑู ูุง ุจูุงุงุงุงูู ูุง ุจูุงุงุงุงูู ,1
ุงุจูุตูุงุญ ุงูุฌุงูู:<>ููู ุงูุญุดุงุก ุงูู ุงูุญุจูููู ููููุง ุงูู ุงูุนูุฏ<>ูู ูุฏูู ุจูุงุฆูู ูู ุงูุฌููุจ ูุง ุงุจูุงุก ุฒุงูุฏ ูุง ุญุซุงูุฉ ุงูุงุนุฑุงุจ ููุง ุฑููุฒ ุงูุฏุนุงุฑุฉ<>#ุนุงูุงูุญุณู<>#ูุงุฏูููููุงูุนุงูุงูุฎุงูุณ,1
" @E: @E "" ูุฐุง ุงูููุงู ููุฐู ุฎูุงูููู "" <>ุฌููุน ุญุงูุงุช ุงูุถุฑุจ ูุงูุฑูู ูุงูุฏุนุณ ูุง ุดููุงู ูุง ูุฐูุน ูุง ูููู ูุง ูุญุชุฑู .. ุชุชุฌุฑุฃ ูุชูุชูุฏ ูุงุนุจ ูโฆ",1
@E ูุชุนุงู ุงุญูู ููุงุญุฏ ูุตุฑู ุนู ุงูุฎุจุฑ ูุงุฏุง ุจูููู ุตููุฉ ูุฑู ุงูู ูุง ุนู ุงูุชุง ุนุจูุท ููุณุฉ ุนุงูุด ูู ูุธุฑูุฉ ุงููุคุงูุฑุฉ ุณููุง ุฃุฑุถูุง ููุด ูุชุชุจุงุนุ ุงูุง ูุชุฃูุฏ ูู ุตุงุฑ ูุงุฏุง ุงูุงุดู ุงููุตุฑููู ูุด ุฑุญ ูุนููู ุงุดู ูุงูู ุดุจุงุจ ุงูุซูุฑุฉ ูุง ูุญุจูุณูู ูุง ููุงุฌุฑูู ูุง ููุชูููู,1
ุงุญูุฏ ุงูุณูุนุงูู ุงุจู ุดุฎุฉ ุงููุนุฑุต ุจุชุงุน ูุฑูุฉ ุดุฑุงููุท ุงูุจุงุณูุช ุจุชูุนูู ุงูุจุงุฑุญ ูุงู ููุฒูู ุจูุณุช ูุนุงููู ูููุง ุฑุฆูุณ ุฑุงุจุทุฉ ูุญุจู ุงูููุงู<>ูุณ ุงูู ููุง ูุง ุงุจู ุดุฎุฉ ูุง ูุนุฑุต.. ุฏู ุงูุช ุจูุงุฏูู ููู ูุชุฌูุด ูู ุตุงุจุน ุฑุฌู ุงูุญุณููู ุญุชู ูุง ุฎูู!!,1
@E ูุฑุจูุง ุดุจู ุงููุณูุงู ููุด ุงู ูุณูุงู ุงูุชู ูุง ุดุงุฏูู ูุง ุจูุถู ุจูููู ููู ุฎููู ู12 ุญูุงู ูุณูุจ ุงูุฎุทูุจ ุงููุบุชุตุจ ุงูุญุฑุงูู ูุญุงูู ูุง ุฑูุญ ุงูู ุจุฌุฏ ุงูุชูุง ุฌูููุฑ ูุณูุงู,1
@E @E ููุฒุฉ ู ุงูุดุงุฐ ู ูุทุฑ ุจูุช ุงููุณุฎุฉ ูู ุงููู ููุถูุนูู ุจุงูุนุงุฑุ ูุง ุงุฑูุงุจููู ูุง ุงุฎูุงูุฌูุฉ ูุง ุงูุณุงุฎ.,1
@E ุชูู ุนููู ูุง ุดูุฎ ุงูุณูุทุงู ูุง ูุจุฑุฑ ุงูุฏูุงุก ูุง ุฎุงุฏู ุงูุนุณูุฑ,1
@E ูุถุน ุงูุจุฑุดูููู ููู ูุญุชูู ูููุฉ ุนูู ุงูุบุงู ุงูุชุญู ูุง ูุฑุฏุฉ ุงุบููู ูุง ูุฑุฏุฉ ๐ ,1
@E ููู ุงูุฑูุงุชุจ ูุง ุณุฑู ูุง ูุฑุชุฒูู ูุง ุฎูุงุฑุฌ ุงูุนุตุฑ ูุง ุนุจูุฏ ุงูุฑุงู,1
ูุง ุขูุณุนูุฏ.. ูุง ุขู ูููุฏ.. ุงุณูุนูุง ูุฐู ุงูุฑุณุงูุฉ!<>#ุดูุฏุงุกุงูุญู ,1
@E ููููู ูุง ูุนุชุตููู ูุง ุณูุฏุงููููุ ุฑูุญูุง ุงุนุชุตููุง ุนูู ุทุฑูู ุงููุทุงุฑ ุงููููุง ูุฐู ุงูุฒูุงุฑุงุชุ ูู ูุคุงูุฑุงุช ูุฌุฒ ุฑุคูุณูู ููุถ ุงุนุชุตุงูุงุชูู ุจุงูููุฉ ูุฑุงุจุนุฉ ูู #ูุตุฑ ูุง ุชุณูุญูุง ููุงูุนู ุงูุงูุงุฑุงุชูุฉ ูุงูุญุฑุจุงุก ุงูุณุนูุฏูุฉ ุชุชุงูุฑุงู ุนูู ุซูุฑุชูู ูุน ุฎูุงุฒูุฑ ุงูุนุณูุฑุ ุงูุชู ูุงููู ูู ุงูุน,1
 @E: ูุง ูุตุฑุงูู ูุง ููุฑุงูู ูุงุฒู ุชุคูู ุงู ููุชูุจ ุนููู ุงูุดูู ูุฐุง ูุฏุฑู ุญุชู ููู ูุฑููู ูุงุฒ ุจุงูุจุทููุฉ ุจุชููุช ุงูู ููุชู ุนูู ูุง ุชูุฑุญ ูุฐุง ุนุงุฏุงุช ูุชูโฆ,1
@E ุฅูู ูููููู ูู ููุงู ูุนุฑูููู ุจุงููููุช ูุง ุงุฐูุงุจ ุงูุฑุงู ูุง ูุฎููุงุช ุงูุญุฑุงู ูุทูุน ุงูุงุฎููฺูู ููุงูููุนูู ุงุดูููุง ุงุฎุทุฑ ุดุฆ ุนูู ุงููููุช,1
@E @E @E @E ูููููููู ุงููู ูุงูุนุจุฏ ุฌูุจ ูู ูุงุญุฏ ุงุฑุฌูู ููู ุญุทุฉ ุฑุฆูุณ ุนููู ุจุนุฏ ูุง ุนุฑูุช ุงูู ููู ุฏูู ูุซูุฑ ุชุญูููุง ูููู ููุช ูุง ุงูุชู ุฏููุชู ุบูุฑ ูุง ูุชุฎูู ูุง ุญุงูุฏ ูุง ุญุงุณุฏ ุฏููุชู ุงูุงุฎูุงููู ุตุงุญุจู ูุทุฑ ุงูุงุฑูุงุจูู ูุณููุชู ุฌุฒูุฑู ุณูุงูู ูุงุฑุฏูุบุงู ูุงูุนุจ,1
@E @E ุชุฎุณู ูุง ุฎุฏูู ุ ูุง ุจุงูุงูุง ุ ูุง ุงูุนู ุ ูุง ููุญุท.,1
@E @E ููู ุชุฐูุฑ ุงููุตุนุจู ูุง ูุฑูู ูุง ูุถูุน ุงุตูู ุญุท ุงูุฏู ุนูู ุฑุงุณู ุทููุง ุตุจุฉ ูุฑูุด ูุง ุณุฏู <>ุจุงููู ุนูููู ุณูุนุชูุง ุจูุจููุฉ ุงุณููุง ุณุฏุฉ<>๐๐๐๐๐๐ ูุฑูู ูุฑูุญ ููุชุทุงูู ุนูู ูู ุฎููู ุชุชุนูู ุงููุจููุฉ,1
@E @E ูู ุงูู ูููู ุงูุงุฑูุงุจ ูุงูุงุฐุจ ูู ูุทุฑุงุฆูู ููุด ูุง ุชุบุฑุฏ ุถุฏ ูุทุฑุงุฆูู <>ููุง ุดู ูุฒููู ูุงุจุชุฒุจุท ูุฃูู ูู ุฑุฌุงู ุงูุตููููู ุนุฒูู ุฎุณุงุฑู <>ุงููู ููููู ุชุฑููู ุงูุณุนูุฏูู ุจุงูุงุชูุงูุงุช ุงููุงุฐุจู<>ููุง ุชุชููููุง ุนูู ูุทุฑุงุฆูู <>ููุด ููุฏุฑุฌู ุจุชุฎุงู ูู ุนุฒูู ุงูุตูู,1
@E ุจุณ ูุง ุงุจูุฏุชุณุฉ ุงูุช ุงุณูุช ูุง ุญุตุงูุฉ ูุง ุนุฑุฉ ุชุงุฑูุฎ ุฃูุฑูููุง ู ุงูุนุฑุจ,1
@E @E ู ุบุจู ุงูุช ุชููู ุงููุจุงุฑุฉ ุงูุชูุช 6 ุทูุจ ุงุฐุง ุงูุงููู ุงูุณุญุจ ูุงูุช ุงููุชูุฌุฉ ุงูููุงุฆูุฉ 3-0 ููุงู ุงูุงููู ุฌุงุช ุนููู ุนููุจุงุช ุงุนูุงูุง ุดุทุจ ุงููุงุฏู ู ุงุฏูุงุฏูุง ุงููุจูุท ููุง ุดูุก ูู ูุฐู ุตุงุฑ ๐๐๐<>ุจุทูู ูุฐุจ ูุง ููุฑุงุฑู ูุง ุงููู ุจุทููุงุช ุงูุดูููุจ ุงูุซุฑ ูู ูุงุฏูู โ,1
@E @E ุงูุฒูุฌู ุงูุบุฏุงุฑ ูุง ุงููููู ูุงู ุตุงุญุจู ุฒูุงู ูุฐุง ุฑุง ูู ุจููุง ุญุชู ุฃุฏููู ู ุนูุงุฏุงุช ุนููู ๐ ูุงููู ูุญุดูู ููุช ูุง ุนุจุฏ ุงูุนุจูุฏ ูุง ูุฑู ูุง ูููุณ,1
@E @E ุญุชุฏูุนูู ูุนูู ุญุชุฏูุนูู ููุงู ูุซูุฑ ูุง ูุจุบู <>ุชุฏููู ุชุญูููู ูุง ุงุฎููุฌูุฉ ูุง ููุงุจ <>ุงููู ุจุฏู ูุฌู ุงูุณุนูุฏูุฉ ูุฏูุน ูุงููู ูุง ููุฏุฑ ุงููุชูู ุชุจูู ุนููู ุงูู<>ุณูุนููู ุตูุงุญูู ูุง ุญุซุงูุฉ ูุง ููุญุทูู ูุง ุงุฎููุฌ ูุง ุฎููู,1
@E ุง๏ปปุฎูุงู ุถุญููุง ุนูููุง ูู ูุตุฑ ูุง ุณููุฑ ูุง ุทููู ุงูุนูุฑ<>ุถุญููุง ุนูููุง ูู ุณูุฉ 52 ุงูู ุง๏ปปู<>ุนุณูุฑ ุง๏ปปุฎูุงู ููุง ุงููู ุจูุญููููุง ูุง ุณููุฑ<>ูููุงุณู ุงูุดุนุจ ุงููุตุฑู ูุด ูุงูู,1
ุขุณููู ูุง ุฃููุงููุฉ ูุง ููุงุฏ ุงููุชูุงูุฉ ุณูุฑูุงูู ูุนุงูุง,1
@E @E ูุณูู ููุณู ุงูู ููุณู ุงููู ูููุณูุด ูุณูู ููุณู ุงูููุงู ูุง ุดูุงู ูุง ุงุจู ุงูุนุฑุต ,1
@E ูุฐุง ูุง ูุฐุงุจ ูุง ููุงูู ูุง ุณูููุฑ ุงุด ููุช ุชููู ุนููู ูููู ูุงูู ุบุฑูุจุฉ ููููู ูุฐูุฉ ุงูู ููุงูู ,1
@E ูุง ุฑูุชู ูุงูุจุฑุช ูุง ููุฑู ูุง ููููู ๐,1
 @E: #ุฌุฏุฏูุฌุฑูุณูุจุฑููุงููุงุชุด<>ุงู ูุง ุฒูุงูู ูุง ูุงูุฌุฉ ูุง ุจุชุงุนุฉ ุงูุฎูุงูุฌุฉ,1
@E ูููู ูุง ููููู ูุง ุจู ุงูููุจ..<>ูุง ุชุณุจ ุงูุนุฑุจ... ุฃูุถู ุณูุงูุฉ ุจุดุฑูุฉ ุชูุซู ุงูุฌูุณ ุงูุจุดุฑู ุน ุงููุฑุฉ ุงูุฃุฑุถูุฉ ูู ุงูุนุฑุจ.<>ูููุง ุงูุงุณูุฏ ู ุงูุงุจูุถ ู ุงูุญูุทู.ู ู ู <>ุนููุฉ ูู ุงููุฑุฉ ุงูุฃุฑุถูุฉ ูุง ุชุชูุงุฌุฏ ูู ุฃู ูุฆุฉ ุฃู ุฏููุฉ.<>ุงูุนุฑุจ ูุญุจูู ุงููู ูููุฒูู ุนูู ูู ุฃุฌูุงุณ ุงูุฃ,1
@E ูุง ููุงูู ูุง ูุฐุงุจ ูุง ุฏุฌุงู ุดู ุฏุฎู ุงุชุจุงุน ุงูุฌูุงู ุจุฏูู ุงูุขุฎุฑูู ููุฐูุจูู ...ูุฐู ุงูุทููุฉ ุนุฏูุชูู ูุงููุง ุชุฑูุน ุนูู ุงูุณุนูุฏูุฉ ูุงูุชู ูู ุชูุธูู ุงุฎูุงู ุงูููุงูููู,1
@E ุงูุชูุง ูุณูุชูุง ููุณูู ูุง ุฃุณููุทู ูุง ูุนูููู ุงูุชูุง ูุชุญุทูุง ุฑุงุณูู ุจุฑุฃุณ ุงูุงููู ูุงูุงููููุฉ ุงุณูุงุฏูู ูุง ุงูุณุงุฎ,1
@E @E @E @E @E @E ูุง ุชุญุณุจููู ูุณูุชูู ูุง ุนุจูุฏู ูุง ูููุญุฉ ูุง ููุทุดุฉ ุงู ุฒุงูุฏ ุงูุช ููุงู ุฑุงูุญ ุงุฌูุจ ุงูุนุตุง ู ุฑุงุฌุน ููู . ุฎูู ุงูุถููู ุงูู ูู ุจูุชู ูุงุฎุฐูู ูุงุฌุจูู ู ูู ุญุณุงุจ ูุนูู ูุง ุชูุฑูุฉ .,1
@E @E ูุงููุง ููู ุจุตุฑุงุญู .. ูุง ุงุญูููู ูุง ุงูุชููู๐ ุดููู ูุฑุญูุฉ ูุฑุณู ุณูุฆู ูุงูุฅุฎูุงู ูุงุดููู ูู ุงูุณูุงุณู ูููู ุงูุชุตุงุฏูุง ุนูุฏูู ุนููู ููููู ููุฌุญูู ุจุณ ูู ุงูุนูู ุงูุณูุงุณู ูุงุดููู ููู ูุฑุณู ูู ุนูุฏู ุฃุนุทุงูู ูุณุงุญู ูุจูุฑู ูู ุงูุญุฑูู ูุฏุฑุฌุฉ ุงููู ูุงูู ูุดุชููู ููุชูุตุฎุฑู ุนู,1
@E ูุงูุช ุนุฑุต ูุจูุฑ ูุง ุงููุงูู ูุง ุงุฑูุงุจู ูุง ูุฐู,1
 @E: ุนุฏ ุงูู ููุงูู ุงูุทุจูุนู ูุง ูุตุฑุงูู ูุง ูุฒู ูุง ูุชุญุฏู ูู ุงูุฎูู ุฏููุงู ููุงูู<>#ุงูุงุชุญุงุฏุงููุตุฑ ,1
@E @E @E ุงูู ุดู ุจุฏููู ุฎุฑุง ุจููุนููู ูุงูุงูุงู ุฑุญ ุชุซุจุช ููู ุณูุณุจู ุงูุตูููููุงุช ูููููู ุฌูุงุฑู ููุง ูุง ุงุจู ุงููููุฏูุฉ ูุง ูุชูุฉ ุงูุงูุจูุงุก ูุดุงูุฏู ุงูุฒูุฑ ูููุณุทูู ุณูู ุชุนูุฏ ูุงู ุดุชุงุชูู ูู ุงููู ูู ูููุจูู ูููุณ ูุฌุฑุฏ ููุงู ูุง ูููุฏ ุงูุฎุฒุฑ ูุง ุงูุณุงุฎ ุงูุจ,1
@E ุฏุง ุญูููู ูุงููุตูุจู ุงูู ูู ุงุดุชุบูุช ูุซูุง ูู ูุงููู ุงู ุดุฑูู ุชุงููู ูุชูุงูู ูู ุงูู ุญูุงููู ูุง ููุงุญูู ูุง ุงุบุจูุง ูุงูููุถูุน ุญุฒูู ููู ูุนูุง ุจุณ ูู ุดุฑูุงุช ุจุชููุชุฑ ุงููุงุณ ููููู ูุจุชุฎุชุงุฑ ูุงุณ ุงุฐููุง ุฒู ุงูู ๏ปปุจุณ ู ููุชูุฑ ูุงูุฌุงุฏ ุงููุง ูุงููู ููุงุณู ุจุชุงุนู ุงูููุงุญูู,1
@E @E @E @E @E @E @E ูุณุฎ ูููุณ ูุตุฎ ูุงู ููู ุงููุณุฎ ูููุง ูุง ูุฌู ูุง ุณุงุญูู ูุง ุชููุณู,1
@E ูุง ูุญูุฌ ูุง ูุนูููู ุงูุด ุฏุฎู ุงููุง ูู ูุตุตูู ุงูุณุงูุฌู ุ ุงูุญุณุงุจ ููุฒู ุชุบุฑูุฏู ( ุชุนููู ) ูุงุญุฏ ุทูุจ ูููู ูุตุต ( ูุฑู ุฏุฎูุช ูุณุชุดูู ูุฑู ุณูุญุช ูุดููุช ุจุงุท ุงุซููุจู ูุฑู ููุฑู ) ููุฌูู ุงูุซุงูู ูุฏุฑุนู ูุงุนูุฑู ุงููุฑู ูุชุนุจ ูุฌุงูุณ ูู ูุญุฑ ุญูุช ููุฃูุฏ ูุงูููุฑู ุงู ุงูุชุนููู ๐คข,1
#ุงุทููุงูุชูุดููุญุฏู<>ุงูุฎุฑูุงู ุงูุชุฎุช ุงูู ุงูุงุจุฏ<>ุญุงุณุณ ุจูู ูุง ููุชุฒ ูุง ุงุจู ุงููุท..ุฑุฑ.ุงูุงูุจุงู ุงูููุงุฑุฏุฉ ูุงู ุชุงุฑูุฎู ูุง ููุน ูุนุงูู ุงุทูู ู ูุง ุจูุงููู ู ูุง ูุชุงุจุฉ ุนูู ุงูุญูุทุงู ู ูุง ุงููููุณ ู ูุง ุงูุญูู ู ูุง ุงูุบุทูุงู <>ูุง ููุฑุชู ูุง ููุชุฒ<>ูุง ูุถูุญุชูู ูุง ุฎุฑูุงู<>ุงูุฎุฑูุงู ููุชุฌููู <>ุงูุณูุณู ููููุฎูู ูกู ุณููู ุงูู ูููู,1
 @E: ูุง ุณูุงู ุจูู ูุง ูุงูุฌุง ูู ุชุบููู ุงูุฒุฑูุจู ูุชูุณุจููู <> #ุงุณูุงุนูููููููุชูููุฎุชูุท,1
@E ุงูุดู ูุง ุฌุฑุฐ ูุง ุนููู ุจุฑูุทุงููุง ุงูุช ููุงูู ุงูุญุจุณ ุบูุฑ ุดููุง ุจุณ ุฑุจู ูุญูุธ ุงูุฌูุด ูููุตุฑ ุญูุชุฑ ุนูููู ูุง ุตุนููู ูุง ุฅุฑูุงุจู ูุง ุงุชุจุงุน ุจู ูุงุฏู ูุงุงุงุง ูููุงุช ุณุฑูู ูุง ุบุจู ูุง ุฑุงุณ ุงูุณุทู ุงูุซุงูู ุงูุช ุทุงุฑูู ูุง ุนูุฏูุด ุฑุงูุจ ุงูููุฌู ูุน ุฃู ุดุฎุต ููุงู ูุทูุน ุณูู ุชูุนุฏ ุชูุฌุฏ ููู ุชููู ุน,1
ูุงูููู ูุฏุงู ุงูุงุณุชุงุฏ ุงุฑุจุน ุณุงุนุงุช ูุง ุฏููู ูุง ุจูุช ุงููุณุฎู ุนุดุงู ุจุณ ุนุงูุฒูู ูุดุฌุน ูุฑูุชูุง,1
ููู ! ุงููุงุจ ุฌูุงู ุฌูุงุฑุฏูููุง ุงูููุงุญูู ูุงูุนุฒุจ ูุง ุงูู ุงููุง ูุณููุง ูุง ููุช ุงูู ุงููุง ูุณููุง ุงููู ุงูู ูุงุชุด ููู ูุนุงูุง ุงูุณูุฒูู ุงููู ูุงุช ูุงู ูุฏุงู ุงูุงููู ู ูุงุฒู ูุงุชุญ ุตุฏุฑู ู ููุนุจ ุจููุฏ ุงุจ ุจุงูุดููุงูู ุงููู ู ุงุฎุฑ ูุงุชุด ููู ูุงู ุจูุจุงุตู ุงูููุฑุฉ ูุฒูููู ุจุงุตุงูุง ูููุงูู,1
@E ุงูู ุชุจู ูุง ูุทุฑู ูุง ุฌุญุด ุงูุดุนุจ ุงูุณุนูุฏู ูุญูุงูู ุฑูุญ ูุงุญุฏู ุฎูู ูู ุงูุดุจู ,1
 @E: ููุง ูุง ุจุงุจุง ููุง ูุง ุญุจูุจู ุจูุชู ุจูุชู #ููุฎููุฏุฑุฑูุงุฒูุงูู,1
@E ุงุฌูู ุดู ุงูู ุชููู ูุฑูู ูุชุฌูุฏ ุงูุฎุฏู ูุฌูู ุจุณุทูููู ูุงูุฎุฑู ุนูู ุงูุชุงููู ูุงูููุฑู ูู ุฌููุจูู ููู ุฑุฏูู<> ูุง ุตูุฑ ุงุณูุง ูุง ููุณู ุตูุฑู,1
@E @E ูุง ุจูุฑูุช ูุง ุนุฒูุฒุชู ููุฏู ุงูุจูุงู ูุงุฑุบุฉ ูุฑุงุกูู ุงูุบุฑุจ ูุงููุฑูุง ูููููุฉ ุงูุงุกุฌุฑุงู ุงููููุงุจูุฉ ูุงูุฌูู ุูุจู ูู ููุงูู ููุตุงูุญ ููุงู ุชุนุตูุจูุูููููู ูุฏุนูููู ูู ุงูุซุงู ุฑููู ูุฏุฑูุงู ูุงูุฑุงูุนู ููู ุญููุนุง ููุจุถูู ูู ุงูุฎููุฌ ุงูุฐู ุชุงูุกูุฑู ุงููุฑูุง ุ ุงูุญู ุจ ุณู ูู,1
@E ูุนูู ุงููู ูุง ุฎุจูุซ ูุง ูุฌูุณู ูู ุณูู ุฏูุงุก ุงููุณูููู ูู ุงูุนุฑุงู ูุณูุฑูุง ูุงูููู ุบูุฑูู ูุง ูุฑุณ ูุง ูุฌูุณ,1
 @E: @E ูู ูุฎุฑุฌ ุนูู ุฑุถู ุงููู ุนูู ุงูู ุงูุฏููุง ูุญุฑููู ูุง ุดูุนู ูุง ุตููููู ููุง ุญุฑู ุงุชุจุงุน ุงุจู ุณุจุฃ ุนูุฏูุง ูุงููุง ุฅูู ุฅูู ูุน ุฃููโฆ,1
@E ุนุจูุงูู ูุง ููุจ ุงููุงุฑ ูุง ุฅุฎููุฌู ูุง ุฎุณูุณ,1
 @E: ุงูุงููู ูููุนุจ ุจุฌูููุฑ ููููุดุฎ ุจุงูุจุฑุฒ ูุงูุดูุงู ูุง ุงุชุญุงุฏ ููุฑู ูุง ููุงุฏ ุงููุณุฎู #ูุงุชุดุงูุงุณููุทูุจุฌูููุฑ,1
@E ุฏุงููู ุฎุดูููู ูุง ุทูุงูู ูุง ุตุบูุฑ ุงูุฑูุงุถ ูุง ูุถูุน ูุฌูุจูุง ูู ุงูุงุชุญุงุฏ ุงูุจุฑ ูู ุชุงุฑูุฎู,1
@E @E @E ุงููุตุฑ ูุงููู ูุง ููุฑุงููู ูุง ุงูู ุงูุชุญููู ูุงููููุฑ ูููุฑ ูุงููุฒูู ุตูุงุญ ุญุฑูู ุงูููุฑูู ุงูุฎุฑ,1
ุงูุงุฑูุงุญ ูู ุณุจูู ุงููุทู ุชุฑุฎุต ูุง ุนููู ูุง ููุจ ุงูุงุฎูุงู ูุงูููุงุชูุฉ ,1
#ูุดูุงุฒููู<>ูุณูุง ุจุงููู ูุง ุญุฒุจ ุงูุฒูุฑ ูุง ุดุญุงุชูู ูุง ููุงุจ ุงูุณูุณู ุงู ุจุงูุงุตุญ ุงู ูุธุงู ู ุงูุจูุฏ ุจุชูููู ููุงุจู ูู ุงูุณูุณู ูุงููู ุญุฑูู ู ุงููุฑุขู ููุชุญุฑูู <>ุญุณุจู ุงููู ููุนู ุงููููู ,1
 @E: @E @E ูุง ูููุงู ูุง ููุทู ูุง ููุฑุงูู ูุฐู ุจุนุฏ ุงุฎุฑ ูุจุงุฑุงู ุจุงุณูุง ูุฏุงู ูููููุงุชูู ุงูุงุณุจูุน ูู ุฑุงุญ ุจุงุดูุง ูุชุตุฏุฑูุง ุงููุฌูโฆ,1
@E @E ุฎููู ูู ุจู ุณููุงู ุงููู ูุงุดุฎูู ู ูุบูู ุนูููู ูู ุญุงุฌู ู ุจูุตุฑู ูููุณ ุงูุณุนูุฏูู ุนูู ุชุฑุงูุจ ู ุนููุชู ุฒู ุงููุทุฎุ ูุง ูุทุฎ ูุง ุฌุนุฑ ูุง ุดูุงู.,1
@E ุญุชุงูุงุช ุฃุฑุงุฐูู ุงูุฎุจุซ ุชูุฑุฑ ูุตุงุฆุฑ ุงูุดุนูุจ<>ูุฒูุช ูุง ุนุฑุจุงู ูุง ูุฌุงุณุงุช ุงูุฎูู<>ูุฒูุชู ูุง ุนุจูุฏ ุงูุฏูุงุชู<>ูููููุง ูุชูููููุง ูููุงูุงุชูู ููู ุชุนูุฏููุง ูุง ุนููุงุก,1
@E ูุงุณุงุณุง ููู ูุทุฑูู ูุง ูุฑุณ ูุง ูุง ุงุชุฑุงู ูุง ูููุฏ ูุจูุณุชุงููุฉ๐,1
"@E ๐คฃ ุทูุจ ุณุคุงู ููุด ูุธููููู ูุฌูู ุุ!! ู ุจุนุฏูู ูู ูุงูุต ุฅูุง ูููู ุฃูู ""ุฃูุฑููุง ุงููู ูุฌูุฒูุง ุงูุฎูุฑ ูุงูุช ุชูุชููุง ููุท ููุง ูุงูุช ุชูุชู ุงููุฏูููู ุฃุจุฏุง ุจุงูุนูุณ ูุงูุช ุชุฑูู ูุฑุฏ ู ูู ู ูุงุณููู ุนูููุง ุจูู ุงููุชุฑุฉ ู ุงูุซุงููุฉ "" ุงููู ููุนููู ูุง ุตูุงููุฉ ุงูุนุฑุจ ูุง ุนุจุฑูุฉ , ูุนูู ุญ",1
 @E: ุงููุงุณ ูุตููุง ุงูููุฑ ูุฅุญูุง ูุงุนุฏูู ูุชุถุงุฑุจ ูู ุจุทูู ุชุนูุฑูู ูุงูุง ูุนูุฑูู ูุง ุนุฑุจ ูุง ุฌุฑุจ ูุง ุฃูุฉ ุถุญูุช ูู ุฌูููุง ุงูุงูู <>ูููุง ุนุงุฑููู ุงููุง ุชุนูโฆ,1
ูุงูุฎุจูุซ ุงููุงุณู ุงููุงุฑู ุงููุงุฆู ุงููููู ุงููููุฏู ุงูุบุงุฏุฑ ุดุจู ุงูุฏููุงุฑูููู ูุน ุงููุณูููู ุจูุนูู ุงููุดูู .. ุงูููู ูุง ุนุฒูุฒ ูุง ููู ูุง ุฌุจุงุฑ ุงู ุชุจููู ุจูุง ุงูุชุฑูุช ูุฏูู ุจููู ูุง ูููู ูููุง ุญู ููุง ููุช .. ููุง ูููู ุดูุงุกู ุงูุง ุจุขูุงุช ุงูุฐูุฑ ุงูุญููู ููุง ูุญุตููุง <>#ุงูุฏููุงุฑู,1
@E ูุง ูุดุฑุฏุฉ ูุง ูุงุฌุฆุฉ ูุงููู ูุง ุงูุชู ููุง ุญุฒุจู ูุนูุดูู ุฑุจุน ุนูุดุชูุง ูููู ุงูุญูุฏ,1
ุณูุฑุณู ูุงููุณุชุฑ ูููุงูุช ูููุฌ : ูุทูุน ุฏูู ุงูู ูู ูุนุจุฏ ุจูููุฑ ูุง ูููุฏู ูุง ุงุจู ุงููููุฏู ุงูุช ู ุฏูููุฑุณ ููุทูุน ุนูู ูููุชุฑููู ุงูุง ุงููู ุญุฑุฑูุง ูุง ููุจ ูุง ุงุจู ุงูููุงุจ ูุง ูุฌุณ ,1
@E ุจุณ ูุง ุจูุงุจ ูุง ุงุจู ุณุชูู ูุณุฎู <>ุฏู ุฌุฒูุชูุง ุงูุถู ูู ุงูู,1
@E @E @E ุตุฏู ุงูุญุฌุงุฌ ุจู ููุณู ุงูุซููู ุนูุฏูุง ูุงู ( ูุง ุงูู ุงูุนุฑุงู ูุง ุงูู ุงูุดูุงู ูุงูููุงู ููุณุงูุฆ ุงูุงุฎูุงู ),1
 @E: ุงูุงู ุฒุญูู ุนูุฏ ุงูููุนุจ ููู ุฑุงุฌุน ููู ูุง ููุฑุงููู ูุง ููุงุงุงุงุจ ูุง ููุงุงุงุงุทูููู,1
 @E: @E ุฃูู ูุง ุฌุงุจุฑ ูุง ุญุฑุงูู ุดุงุบู ููุณู ุจุฃุณูุงุฏู ูุฃุณูุงุฏ ุฃููุฑู ุงููุนุชูู ููู ุฎููู ู ุฎูุจุชู ูุฎูุจุช ุงูุนุฒุจู ุจุชุนุชู ุฅูุชู ุฅุญุชโฆ,1
@E ูุนูุฉ ุงููู ุนูููู ูุง ููุงุจ ุงูุฅูุงุฑุงุช ู ุงูุณูุณู ู ุงูุณุนูุฏูุฉ ูุง ูุฑุชุฒูุฉ ูุง ุนุจูุฏ ุงููุงู ูุง ุตูุงููุฉ,1
@E ูุตุฏู ููุณุทูู ูุง ูุญุชู ูุง ูุชูุช ุงูุงุทูุงู ูุณุงูููู ุงูุฏูุงุก ูุงูุบุชุตุจูู ุงูุงุฑุถ ูุงุชููู ุงููู ุงูููุง ููุชู ูุงุตูููู,1
 @E: ูุง ุดุนุจ ูุตุฑ ูุง ุฎู ุงูููู <>ูุง ุชููู ุจูู ูุชุดูู ูู ููู<>ุงูุซูุฑู ูุงูุช ูู ุงูุฎุฑุทูู <>ูุง ุดุนุจ ุซูุฑ ุฏุงููู ุชุณูู <>ูุดูู ุฃุตูู ุงุณุจุงุจ ุบูู <>ุนุตุงุจโฆ,1
@E ุงูุฌูุฏ ุฌุงููู ูุง ุนููุฌ ูุง ุงุญูุงุฏ ุงููุบูู ุงูุชู ูุณูุฏูู ุนุจุฏ ุฅุณุฑุงุฆูู ูุฑุฏูุบุงู ,1
@E @E @E @E ุญุฒุจ ุงููู ุฑุงุนุจูู ูุง ููุงุจ ุงูุญููู ูุฏุนุณ ุงูุจุฑ ุฑุงุณ ูููู ูุง ุตุฑุงุตูุฑ ูุง ุนููุงุก ูุง ุฎููู ุนูู ุงูุงูู ุงูุฑุงู ุฏููู ูุณููู ูุชุฏุงูุน ุนู ููุณุทูู ูุชุณุงุนุฏ ุนูู ูุญุงุฑุจุฉ ุฏูุงุนุดูู ูุงุฑูุงุจูู ูุชุญุงุฑุจ ุงูุฑููุง ููุฑุชุฒูุฉ ุฑุจุน ุงูููุดุงุฑ ููู ุฏููู ุญุฑู ุณุจ,1
@E ุงู ุดุงุก ุงููู ุงูุช ุงููู ุชุชุดูู ูู ุงููุงุฑ ูุง ููุจ ุงูุฅุฎูุงู ูุง ุฌุฑุจูุน. ุฌุฒูุฉ ุงูุณูุณู ุฃุดุฑู ูุฃุทูุฑ ููู ููู ุนุดูุฑุชู ุงูุฅุฑูุงุจูุฉ ุงููุฌุณุฉ ูุณูุฏู ุงูุนุซูุงููู ุฃูุงู ูุงููููุ ูุณูุณุชูุฑ ุงูุณูุณู ูู ุชุทููุฑ ูุตุฑ ูู ุงููุงุฐูุฑุงุช ุฃูุซุงูู ุญุชู ุชุชูุญููุง ูุงูุฐูู ูู ูุจููู. ุงุชูู,1
@E ูุง ุฏูุชูุฑ ูุง ูุงูุฏ ูุง ุฃูุงุฏููู ุงุฐูุฑ ูููู ูุงุญุฏ ูุฃุฑุฏูุบุงู ุงู ุญูููุฉ ุงุฑุฏูุบุงู ุฐูุฑ ุงูุณุนูุฏูุฉ ุจุณูุก ูุจู ููุชู ุฎุงุดูุฌู. ุงูุง ุจุนุฏ ููุชู ุฎุงุดูุฌู ููุง ุชูููู ูุงูู ุญูุงูู ุจูุฑ ููุณ ุจุงูุชูููุฉ ูุงูุณูุงุณุฉ ุจู ุญุชู ุจุงููุชู ูุงูุฅุฌุฑุงู.,1
ุชุญุณุจูู ูุณูุช ูุง ูุถููููุน ูุง ุตุบูุฑ ุงูุนุงุตูุฉ @E <>@E ,1
"@E ูุง ูู ุฏูู ุงูุงุฎูุงู ุงูุงุฑูุงุจููู ูุงููุฑุชุฒูู ูุนููุงุก ุงูุณุจูุจู ุงููู ุจุงุนูุง ุงูุนุฑุงู ูุงููู ุจุงุนูุง ุณูุฑูุง ูุงููู ุจุงุนูุง ููุจูุง ูุงููู ุงูุงู ุจูุจูุนูุง ุงูุฌุฒุงุฆุฑ ููู ูู ุงููู ููุฌูุฏูู ูู ุงูุณูุฏุงู ูุงููู ุงูุญูุฏ ููู ูู ููุฌุญูุง ูู ูุตุฑ ุงูุญุจูุจู ููุฐูู ุดุนุงุฑูู ุงูุฌุฏูุฏ ุงูุงู "" ูุง ุงูุง",1
@E ูุง ููุฌุฏ ูู ุชุงุฑูุฎ ุงูุจุดุฑูุฉ ููุถุฉ ูุงู ุจูุง ูุบุฏู ูุฑุชุฒู ุชุงูู ูุฑุดู ูุงูููู ูู ุฃููุงู ุบูุฑู ูุง ุณุงูู .. ููู ููุถุงุช ุงูุจุดุฑ ูุงู ุจูุง ูู ูุนูุงู ูุคูู ุจูุง ูููู .. ูุฐูู ูุง ูููุฉ ููุง ุชููู ูููุง ุญุงููุช ุณูุงุกู ุงูุงู ุฃู ูู ุงููุณุชูุจู !! ุฃุชููู ูุง ุนููู ุงูุตูุงููุฉ ูุง ูุบุฏ ูุง ููุญุท ู,1
 @E: ุงุดูุชู ูุง ููุงุฏ ูุงุฌุฏู ูุง ุจุชูุน ุตูุฏุงููุฒ ููุง ๐๐๐,1
@E @E @E ูุณูุชูู ูู ุงูุงูุฏ ุงููู ุจุชูุฌุนู ๐๐ ูุง ุงุฎููุฌู ูุง ููุตูุฑ ูุง ูุณุชุชุฑู ๐,1
@E @E ุฅูุด ุฏุฎู ุงูููุงุจูุฉ ูุงููููู .. ุฏู ุจุชุงุนุชูุง ูู ุงูุณุนูุฏูุฉ !!! ู ุฑุงุถููู ูููุง ุชูุงู ุงูุชูุงู .. ูุง ุญุฑููุงุช ููุง ุณูุงูุงุช ููุง ุฎุฑุงูุงุช ููุง ุญุงูุฏู ูุงุดููุงุช..<>ุงููู ููุตุฑูู ูุง ุณูุฏุงูููู ูุง ุญุจุงูุจ ..<>ุตุฏูููู .. ุงูููุงุจูุฉ ูุด ุนุฏูุชูู <>ูุง ุชุตุฏููุง ุงูุงุฎููุฌูุฉ๐,1
ูู ูุชุงูุงุช ุญุฑุงู ุทูุจุฉ ุงูุทุจ: ูุง ุจู ุตุงูุญ ูุง ุฌุจุงู ูุง ุนุจูุฏ ุงูุงูุฑููุงู.... ูุง ุจู ุตุงูุญ ูุง ุดูุงุช ูุง ุนููู ุงูุงูุงุฑุงุช <>#ุญุฑุงูุงูุทูุจุฉ ,1
@E @E @E ุงูุช ุงูููุงูู ูุง ูุตุฑู ูุง ููุจ ููุงุฒุงุฑุฏ ุงูุถู ููู,1
 @E: ุณูุฑูุงูู ูุง ููุงุฏ ุงููุชูุงูุฉ ูุง ุจุชูุน ุงูุฎูุณุฉ โฆโค๏ธโฉ,1
 @E: ุงูุฌูุฏ ูู ุงููููุฑ ูุงููู ูุตูุญ ูุฏุฑูุฏ ูุดุจูุญุฉ<>ุงููููุชูู ูุง ูู ูููุฉ ุทุฑุจ ูุง ูู ูููุฉ ุฏุนุณ,1
@E @E ุชูุฏูู ุญุฐุงุกู ูููู ูุง ุนูุงู ุดุฑููุฉ ูุง ุงุฐูุงุจ ุงููุฑุณ.,1
ุงูุฑุญูุง ุดููุฉ <>ุงูุฏูุฑู ูุณู ูู ุงูููุนุจ ูุง ุดููุฉ ุจูุงูู ูุง ุจุชูุน ุงููฅ ูุง ููุฒููู,1
ูููููููููููู ููู ููุฌูุฑูุง ูุง ุทูุงูู ูุง ุฒุนูู ูุง ููุงู ููุงุนู ,1
"@E ูุง ุดูุฎ ูุง ุญููู ุงูุณุนูุฏููู ู ุงูุณุนูุฏูุงุช ุนูุฏ ุบูุฑูู<>ุฌุฑุจ ุชุชูุงูู ูุฐุง ูุน ููุณุทููู ุงุฎููุฌู<>ุงู ูุจูุงูู ุงูุฑุงูู<>ุงู ูุตุฑู ุงููุงูู ๐<>ูู ุงูุฒูุงุฑ ูุชุญุช ุงููู ููููู<>ูุญุณูุจู ูุถู ุฑุฏุญ ูู ุงูุฒูู ุจุงูููุณุจูู ูุชุนุงุฑู ูุนูู ูุฌุงู ููุง ุจุชููุชุฑ ุงุดูู ุณูุงูู ุงูุณุนูุฏููู ูููุง """,1
ูุง ุฌุงุจุฑ ูุง ุจูุฌุฑุฌู ูุง ูุฑุชุฒู ูุง ุญุซุงูุฉ ุงูุญูุฏูู ูุง ุฎุฑุจูุท ูุง ุณุงุฐุฌ ูุง ูููู ูุง ุฅูุนู ูุง ูุณูููุฉ ุงููุฐุงุจ ูุง ูุงูุดูุฑู ุขุบุง ููุงูู ุฅูุฑุงูู ูุง ุฒูุฑุง ูุงุฑ ูุง ูุง ูุง ูุง<>ุชุชุดูุช ุจูุตุฑ ูุฃุจูุงุก ูุตุฑ !!<>ุฃุชุนูู ุจุฃูู ูุณุช ุจุฑุฌู ููุง ููุตู ุจู ูุฑุฌู ููุง ูู ุงุชุจุงุน ุงูุฑุฌุงู ุงูุช<>ุฃูุช ุญุซุงูุฉ ููู ุฃุชุจุงุน ุงูุญุซุงูุฉ ูุง ุฎุณูุณ ,1
@E @E ูู ุบุฏุฑ ุจุงูุบุฏุงุฑ <>ููู ุจููุญุท ุงูุฑุงุณ<>ูู ุงูุชู ูุง ุญุชุงูุฉ ุงููุฌุชูุน ูุง ูุญุฑูููู ูุง ุชุฌุงุฑ ุงููุฎุฏุฑุงุช<>ุงู ุชุชูููู ุนู ุงุณูุงุฏูู<>ุฑูุญ ุทูุฑ ูุนูู ุงููุง ุงููุฌูุณู ุงูุทูุฑุงูู ุงูููุจ<>ูุง ูุฏุนูุณ ุชุญุช ุงูุตุจุงุท ูุง ุตุฑุตุงุฑ ุจุงูุงู ุงูุนุฒ<>ุงุชููููู ุนูู ุตูุฑุชู ูุงุณูู <>ููู ุญ,1
@E ุงูุทุน ูุงุฎุณ ูุง ุงูุฏุงุนุดู ูุง ุจู ุญุณุงุจ ูุชู ..,1
@E ูุง ุชููู ูุง ุฑูุงุตุฉ ุงุณุทูุจูู ุ ูุนุงู ูุนุชุฒ ุงูุดูุฑุงูู ูู ูุจุงุฆู ุฌููุจ ุงูุณุนูุฏูุฉ ุชุนุงูู ุงุฑูุตู ุนูุฏู ูุฑุงุญ ุงุนุทูู ูููุณ ุงูุซุฑ ูู ุงููู ุงุนุทูู ูู ุงูุฃุชุฑุงู ุนุดุงู ุฑูุตู ,1
@E ููุณู ุงุนุฑู ูุฎ ุงููุตุฑุงูู ูู ูุคุฎุฑุชู ูุงูุง ูุด ุงูุณุงููู ุงุญูุง ูุง ุจุงุจุง ูุง ุญุจูุจู ุฃุฎุฐูุง ุงูุตุฏุงุฑุฉ ูุฏุงู ุงูุงููู ููุจู ูุจุงุฑุงุชูู ุจููู ูุงุญุฏ ุญูู ูุตุฑูุง ูุชุตุฏุฑูู ุงุฐุง ุงูุช ูู ุจููู ุชูุฒู ุงูุงุชุญุงุฏ ูุชุณุชุฑุฌุน ุตุฏุงุฑุช ุงูุฒุจุงุฏู ุงููู ุงุฎุฐุชูุง ูู ุงุณุจูุน ููุฐู ูุดููุชู ูุด ูุดููุฉ ุงูููุงู ุงููู ,1
@E @E ูุด ุชููู ูุง ุงูุญุฑูู ุดุจูู ุงุฎุชู ุงูุง ุงุณูู ููุงูู ูุง ูุณุชุฎูุซ ุชูููููู ูุง ุญุฑูู ูุง ูุงุฑู ูุฌุณู ูุง ุณูููุฑ ุงู ุฑูุญ,1
ูุง ุญููุฉ ูุง ุจูุถุฉ ูุง ุงู ุงูุฏูุน ูุงู ูุฑูุชู ุฎุงุจุช ููููุด ุงูุญุธ ุงุชููุน #ููุฎููุฏุฑุฑูุงุฒูุงูู,1
@E ุงุฎุฑุต ูุง ุฃุนุฑุงุจู ูุง ููุญ ููู ุชุนุฏู ูุฏุฑู ูุง ุณุงูู,1
ุงููู ูุง ููููู ูุง ุฎุฑุง ูุง ุจุฑุงุฒููู ูุง ุชุจู,1
@E @E ุงูุชูุงูู ุจููุง ุงุทูุน ูููุง ูุง ููุฌูุฑูุง ูุง ุฎุฏูู ๐น๐น๐น<>ู ุตุจุงุงุงุงุงุงุญู โค๏ธ,1
 @E: ูุง ูููุฏู ูุง ุนูุฑู ูุงุงุฏูุจ ุงูุงููู ู ุงูุตุฏุงุงุงุงุงุงุฑุฉ ุฎุจูุง ุงูุญุตุงูุฉ ุงุฏุฏุฏุฏุฏุฏุงุงุง ๐๐ @E @E #ููุฎููุฏุฑุฑูุงุฒูุงูู,1
@E ูุงูู ุฏู ุชุญุทูุง ูู ..... ูุง ุงุจู ุงูุนุจูุทุฉ ูุง ุจูุงุจ .ุดูุงู ุงูุฑุฒ ุดุงุฑูู .ูุงูุฑ ุงู 6 ุจูุจู ูุจุดูุฑ . ููุง ุฎูุณุฉ ููุชููู,1
#ุงููุงุณูููุงูุตุฑูุฉุฒููุง<>ุทุธ ูู ุนุฏูู ููููู ููุงููู ุงููููุณู <>ุทุธ ูู ุงููุฎุฑุฌ ูุตุฑ ุงูุฃูุฑุน <>ุทุธ ูู ุดูุฎูุฑ ุงููุบุฑุจู <>ุทุธ ูู ูู ุงูููุธููุฉ ุงููุงุณุฏุฉ ูู ุงูุฑูุงุถุฉ ุงููุตุฑูุฉ<>ุทุธ ูู ุงููุงุฏ ููุณู ุงุจู ุทูุท ููููุฉ <>ุนูุงุก ูุงุฐุจ <>ุทุธ ูููู ูููู ููู ุงุฐูุงุจูู ูุง ูุฑุชุดูู ูุง ูุณุฏุฉ ูุง ุญุฑุงููุฉ .,1
 @E: #ุงูุงุชุญุงุฏุงููุตุฑ ููู ููุงุทูู ูุง ุฌูููุฑ ุงููุตุฑ ูุง ุตุบูุฑ ุงูุฑูุงุถ,1
@E ุจุฏุฑู ุนููู ูุนูู ุงููู ู ุทูุงููู ุงูุฎููุฉ ุจุฃูู ุชุชููู ุนูู ุขุณูุงุฏู ูุง ุนุจุฏ ุงูุฑูุงู ุงููุทุฑู ูุง ุฅุฎููุฌู. <>ุฏุจู ุชุชููู ุฅูู ุชุฒูุฑูุง ููู ูุต ูููุ ูุนุฒุจู ุฑุงุนู ุงูุฑูุงู ุงููุทุฑู ุญุงูู ุจุฃู ูุฌุนู ูุฏููุชู ูุซู ุฏุจู ููู ูุณุชุทุนุ ู ุงูุญูุซู ูุญุฒุจู ุงููุฐุฑ ููู ุจุนุฏ ูุฆุฉ ุนุงู ููู ูุฃุชูุง ,1
 @E: ุชุจุง ูู ูุง ุงูุดูุทุงู ุงูุงูุจุฑ ูุง ุงููุฑูุง ูุง ุตูููููุฉ.... ููุง ุจุงูู ุจููุงูุงุฉ ููุงููู ุงูุฏููุงุฑุงุช ููู ูู ููุฏู ุฎุจุฑ ุนู ููุงููุฉ #ุญุฒุจุงููู ููุงโฆ,1
ุงุณููุง ุฏููุฉ ุงุญุชูุงู ุตูููููุฉุ ูุงูุนูู ุนูู ุงุญุชูุงู ููุนููุ ูุง ูููุงู ูุง ุจุชุงุน ุงูุนูู ,1
ุงููู ูุทูุน ุนูููู ุงูุช ููุตุฑ ุฏู ูููุง ูุง ุญูุจู ูุง ุญุงูุฏ ูุงูุณูุณู ุฏู ุชุงูู ููุนุฏ ูููู ูุฏุง ูฅู ุณูุฉ ููุชููู ููุนุฐุจูู ูุงู ุดุงุก ุงููู ุงูุฃูู ุงููุฑูุฒู ุญู ุงูุณูุณู ุจูุจุถู ููุนุฐุจู ูุญุฏู ูุง ูุดููู ู ูุณุจุจู ููู ุนุงูุฉ ูุณุชุฏููุฉ ูุง ุญูุจู ูุง ูุนูู ุงูุช ๐ฆ ,1
@E ูุง ูููุดุง ูุง ูุนุฑุต ูุง ุฑุจ ูุฑูุณุง ุชุญุชู ุงูููุตูุฑุฉ ุชุงูู,1
ุงูุงุชุญุงุฏู ุงููู ูุงู ุงูุดุฑู ุจุชุดุฌูุนูุง ูู ุฌููุฉ ูุงุญุฏุฉ ูุง ุชุตุฏู ููุณู ูุงู ุงูุณ ูุงู ุนุงุฑ ูุฌููุน ุงูุฒุนูุงุก ุจุชุดุฌูุน ูุงุฏู ูุถูุน ูุงูููู ุฏูุฑู ููุทู ูุงุฎุฑ ุฏูุฑู ุญููู ูุจู 15 ุณูู ุ ููุฐูู ูููุง ุงูุงุชูุงู ููู ุงูุฎููุณ ููุงููู ุงููุจูุท ูุง ุฎุฏู ูุง ุฎุฏุงู ุงูุฒุนูู ๐๐<>#ุงูุงุชุญุงุฏุงููุตุฑ #ุงูุงุชุญุงุฏ #ูุจูุทุจุณ,1
ูุงูู ุดู ูุถููู ูุง ุฌูููุฑ ุงูุฒุนูู ูุง ูุฑูู ุงูููููุง. ุงูุฎููุณ ุณูุชุตุฏุฑ ุงูุนุงููู. ูุฅุฑุฌุน ูุฑุง ูุง. ูุญูู . ุงูุนุงูููู ุตุนุจู ูููู. ุงูุฏูุฑู ุตุนุจ ููู ๐ #ุตุฏุงุฑูุจุญ,1
@E @E @E ุงููู ุฑูุญ ูุงุดุฏ ู ุงุดุญุฐ ุงุจุณุท ุญูููู ูุง ุงุฌุจู ุดุนูุจ ุงูุงุฑุถ ุุงุฎุฑ ูุงุณ ูุชููููู ุนู ุญุงู ุงูุดุนูุจ ููุฑุงูุชูุง ูู ุงูุชู ูุง ูุณุนูุฏูู ูุง ุดุญุงุชูู ูุฎุฏู ุขู ุณููู ุ ุฎููู ูู ุญุงููู ูุง ุนุจูุฏ ุงูุฑุฌุงู ูููู ุจุงูุณุฌูู ู ูุบุชุฑุจูู ููุณุงุกูู ุงุฑุฌู ูู ุงุดูุงูู ,1
@E ูุง ููุฑุชู ูุง ุฎุงูุฏ ุฑุฆูุณ ุงููุทู ุจุฐุงุช ููุณู ูุณุชูุจู ุงููููุจุงุช ูู ุงููุตุฑ ุงูุฌูููุฑู ู ููุฑููุง ูุน ุงูุฃููุงุช ุงููุซุงููุงุช <>ููุชุญุชุฑู ูููุจูู ูุง ุนููุงูููู ,1
@E @E ุจูุงุฏ ุงูุชูุญูุฏ ุจูุงุฏูุง ูุงูุฏูุงุน ุนููุง ุงููููุชูุง ุงูููู ุงูุตุฑ ุฌูุดูุง ุงูุฌุฒุงุฆุฑู ูุฌูุดูุง ุงูุณุนูุฏู ูููุง ูู ุฑุจุงุท ุฃู ุดุงุก ุงููู... ูู ููุชูุง ุจุบูุธูู ูุง ุฎูุงู ูุง ูููุณูู ... ูููุง ุทูุน ููู ูุฑู ูุทุน.,1
@E @E ูุงูุช ูุง ูุต ูุง ูุชุตููู ูุง ุชูุซู ุงููุฌุชูุน ุงูููุฑุฏู,1
@E @E ูุง ูุงูุฒ ูุง ูุฑูุฌ ูุงููู ุงูููุฑุงููุฉ ูุงููู ุตุงุญุจ ุงูุง ุฃุชููู ุนู ุฅุนูุงูู ุดูู ุงูุตุฑุงูู ููู ูุณูุท ุนูู ุงูุฃููู ููู ูุนุชูู ูู ุชุฒููู ูุง ูุนุฑู ููุชุจ ุงุณูู ูู ูุญูู ุงุบุจู ุฌูููุฑ ูู ุงูุณุนูุฏูุฉ ุฌูููุฑ ุงูุฃุบุจูุงุก,1
 @E: ูุง ูููุช ุงูุนูุฑ ูุง ุงุจูุถ ..<>#ููุงุฒูุงููุงูุณุงุฏุณููุงูุช,1
@E ูุง ุชูุงุฑูู ูุง ุฌุฑุงุฑูู ูุง ูุฎุงููุซ ูุง ุทุฑูุด ุงูุจุญุฑ ูุง ููุฌูุฑูุง ูุนู ุงููู ุงุจู ุงุจู ุงุจูู,1
@E @E ู ูุตุฑู ูุง ุฌุฑุงุฑ ูุง ูุฎูููุซ ุงูุง ูุง ุงูุซู ูุทุฑ ููุง ุฅูุฑุงู ููุง ุญุชู ุจูุช ุงูู ๐คฃ๐คฃ๐คฃ ููุนูู ุจูุญู ูู ุงูุฑููุง ูุทูุจ ูุณุงุนุฏุงุช ูู ุจุงุจุง ุชุฑุงูุจ ุจุนุฏ ูุงุทุฑุฏู ูุญูุฏ ุจู ุณููุงู ู ูุญูุฏ ุจู ุฒุงูุฏ ููุงุนูู ุงูุงุฑุถ ๐๐ ููุง ู ุงุจู ุงูููุจ ูู ููุง ููุง ุงุดูู ูุตุฑู ูููุด,1
@E ุดุงุทุฑ ุชุชูุงุฎุฑ ุจุงูุนุฑุจ ุงูุชู ุดู ุณููุชูุง ููุนุฑุจ ุบูุฑ ุงูุณูุนุฉ ุงูุณูุฆุฉ ุงูุช ุงุตูู ุนุงุฑ ุนูู ุงูุนุฑุจ ูุง ุญุซุงูุฉ ูุง ูุชุฎูููู ูุง ุฑุนูุงู ูุง ุดุนุจ ุงููุจุณุฉ ุดุงุทุฑูู ุจูุน ุจุชุฑูู ูุงุตุฑููุง ุนูู ุงูุนุงูู ูู ูููู ุฎูุฑ ุนูู ุงููุตุงุฑู ุงูู ุนูุฏูู ูุงู ุญููุชู ุงูุนุงูู ุงูุณุนูุฏูุฉ ุชุฎูู ูููุฑ ูููุน ุจุชุฌูุจูุง ,1
@E ุจุงูุนูุณ ุฅุณุฑุงุฆูู ุจูุฏ ุจุชุณุงุนุฏ ุงูููุงูุจ ูุชููููุง ูุชุณุชููุฏ ูููุง ูุงู ุฏู ุงูุฅุฑุงุฏุฉ ุงูุณูุงุณูุฉ ูุนูู ุชูุตุฏ ุชููู ุงู ุณูุงุช ุงูุฑูุณ ูุงุนูุฏูุด ุฅุฑุงุฏุฉ ูุชูููุฉ ุงูุจุญุซ ุงูุนููู ุ!<>ูุงูุณููููู ูุด ูุนูููู ุจุงูุฎูุงูุง ุงูุฌุฒุนูุฉ ููู ุงูุฃุทุจุงุก ูู ุงููุนูููู ูุง ุฏูุชูุฑ ูุง ุฏูุชูุฑ ูุง ุฏูุชูุฑ ุณุงู,1
@E @E ุฅุญูุง ุฃุชุจุงุน ุฅูุฑุงู ูุง ุขู ุณููู ูุง ูุณู ุงููููุฏ,1
ูุง ูู ุงูููุทูุ<>ููุง ุงูุดุฑุทุฉ ุชูุจุถ ุนูู ูุงุญุฏ ูุชุถุฑุจู ุนูู ุฏูุงุบุฉ ูููุน ูุง ูุญุทุด ููุทู <>ูุด ูุฏู ูุง ุดุนุจ ูุง ุฌุงูู ูุง ูุชุฎูู ูุง ูุฑูุถ ูุง ุฌุจุงู,1
@E @E @E ูููููููููููููููููููููู ูุง ุทุญูุจู ูุง ุตุบูุฑ ุฌุฏุฉ ูุง ุฌุงูู ุดูู ุจุทููุงุช ุงูุงุชุญุงุฏ ูุจู 1417 ,1
@E @E @E ุนูุจ ูุง ุนุซูุงูู ูุง ูุณูุงูู ูุง ุนุจูุทู ูุง ุจุงูุฏุง ูููููููููููููููููู,1
 @E: #ุงููููุงูุฑุฏุงุญุชุฌุงุฌุงูููุงูุตุญูุญ<>ูู ุชููููู ุชุฑุงูุจ ุงูุฏูุฑู ูุตุฑุงูู ุบุตุจูุง ุนููู ูุง ุฒูุงูุจ ูุง ุตุบูุฑ ุงูุฑูุงุถ ,1
ุจุฏุฑู ูุง ุฎุฑู ูุง ุฅูุทุงูู ูุงููู ููุนู ุงูุทุงููุง ููุงุนุจูููุง ู ูุฏุฑุจูููุง,1
 @E: ููุณู ุตูุฑู ูููู ุจุนูู ุงุฏุงุฑุชู ูู ุงูุดุชููุฉ ูุนูุฉ ุงููู ุนููู ูุนูู ูู ุฌุงุจู ุชุชุฑุฃุณ ุงูุงููู ูุง ุฑูู ูุง ุจูุงูู ูุง ูุงุดู @E,1
@E @E ุงููุฒููุฉ ูู ุญููู ุฃุณูุฑ ุงูุชุดุงุฏ ุฃููุง ุงูุนุฑุจ ุงููุชุตูููุฉ <>ุบูุฑ ูุง ููุงุฏ ูุง ุฌุงูู ูุง ูุฏุฎูู ุุ ูุง ูููุฏ ุงููุจูุฉ ุุ ุงูุดุนูุจ ุชุนูููู ูู ุงููุญูุท ุฅูู ุงูุฎููุฌ ุจุฑุง ู ุจุญุฑุง ู ุฌูุง <>ูุทุฑ ู ุชุฑููุง ุฃุฑุฌู ู ุฃุทูุฑ ูููู ูุง ุฎููุฉ ูุง ูุฎุงููุซ ุงูุตูุงููุฉ ูุง ุฏุงูุนู ุงูุฌุฒูุฉ ,1
#ุทุฑุงุจูุณ #ููุจูุง #ุงูุณุนูุฏูุฉ <>ุนูู ุงูุจุงุบู ุชุฏูุฑ ุงูุฏูุงุฆุฑ ูุง ุขู ุณุนูุฏ ูุง ุฃุนุฏุงุก ุงูุญุฑูุฉ .. ,1
 @E: ูุง ุฎุงูุฏ ุงูุณุนูุฏู ูุง ุงุจู ุงูุดุฑููุทู ุฏูุงู ููู ูู ุจูุงุฏ ุงูุฏุจ ุงูุฏุงุดุฑ ุงุจู ููุดุงุฑ ุงููุฌุฑู ุงูุฅุฑูุงุจู ูุง ุฎุงุฏู ูุนุจุฏ ุงูุดุฑุงููุท ูุงูุนุงูุฑุงุช ุงููุนูโฆ,1
 @E: @E @E ุงูุดู ูุง ููุจ ุงูุนุณูุฑ ูุง ุฎูุฒูุฑ ูุง ุนุชูู .. ูุณูุท ูุณูุท ุญูู ุงูุนุณูุฑ ููุณูุท ูู ููุงุจ ุงูุนุณูุฑ.,1
ุฏูู ุนุงูู ุฌุจูุงุช ูุง ุจูุญุณูุด ุนุดุงู ุตุนุฏู ุนุงูููู ูููุฏ ูููููู ุงูุฑูููุง ููุฑุฌุงู ..ูุฏุง ูู ุงูุชู ูุง ุฒูุฒู ูุง ุญุตุงูู ุงูุฑูููุง ,1
 @E: ุชุนูููุง ุงููุดุงุฑูุน ูุง ุนุดุงู ุงููููุฏ<>ูุง ูู ุงุฎุฐุชูุง ูู ุงูุฏููุฉ ูุง ุงุฎุฐุชู ููู ุชุฌุฏ ูููู ุงูุง ูุงูุฏูู ุงูุซุฑ <>#ูุญููุฏุงูุฌุฑูุงูููุดูุฑู,1
